course_name,course_type,course_credit_hours,course_days_of_the_week,course_start_time,course_end_time,course_instructor,course_max_enroll,course_enrolled,course_remained,course_department,course_start_date,course_end_date,semester,course_crn,course_level,course_section
STUDENT SUCCESS LABS,LEC,0,W,1:00PM,1:50PM,Trzepacz,120,0,120,ADMN,2020-05-26,2020-08-21,SUMMER 2020,15486,1824,01
SUMMER ADMINIST REGISTRATION,LEC,0,,,,Grega,625,19,606,ADMN,2020-05-26,2020-08-21,SUMMER 2020,14908,6600,01
MATERIALS AND DESIGN,LEC,2,R,10:30AM,12:35PM,Staff,12,2,10,ARCH,2020-05-26,2020-08-21,SUMMER 2020,15343,2510,01
ARCHITECTURAL DESIGN STUDIO 5,LEC,5,MWR,2:00PM,5:50PM,Staff,32,32,0,ARCH,2020-05-26,2020-08-21,SUMMER 2020,15413,4770,01
MASTER'S THESIS,LEC,1-12,,,,Staff,10,0,10,ARCH,2020-05-26,2020-08-21,SUMMER 2020,15031,6990,03
MASTER'S THESIS,LEC,1-12,,,,Staff,0,0,0,ARCH,2020-05-26,2020-08-21,SUMMER 2020,15057,6990,04
ARCHITECTURE DISSERTATION,LEC,1-15,,,,Figueiro,10,0,10,ARCH,2020-05-26,2020-08-21,SUMMER 2020,15240,9990,01
ART HISTORY,LEC,4,MR,10:30AM,12:35PM,Wille Kiel,60,51,9,ARTS,2020-05-26,2020-08-21,SUMMER 2020,15371,1050,01
MUSIC AND TECHNOLOGY 1,STU,4,MR,8:00AM,10:05AM,Staff,19,19,0,ARTS,2020-05-26,2020-08-21,SUMMER 2020,15688,2020,01
CHAMBER MUSIC ENSEMBLE,,1,W,1:30PM,3:35PM,Staff,25,9,16,ARTS,2020-05-26,2020-08-21,SUMMER 2020,15736,2350,01
PRIVATE MUSIC LESSONS: VIOLIN,,1,,,,Morey/Fisher-Loc,9,1,8,ARTS,2020-05-26,2020-08-21,SUMMER 2020,15739,2750,01
PRIVATE MUSIC LESSONS: VIOLA,,1,,,,Morey/Fisher-Loc,9,0,9,ARTS,2020-05-26,2020-08-21,SUMMER 2020,15740,2750,02
PRIVATE MUSIC LESSONS: FLUTE,,1,,,,Gerbino/Fisher-Loc,9,1,8,ARTS,2020-05-26,2020-08-21,SUMMER 2020,15741,2750,03
PRIVATE MUSIC LESSONS: OBOE,,1,,,,Gerbino/Fisher-Loc,9,0,9,ARTS,2020-05-26,2020-08-21,SUMMER 2020,15742,2750,04
PRIVATE MUSIC LESSONS:CLARINET,,1,,,,Gerbino/Fisher-Loc,9,0,9,ARTS,2020-05-26,2020-08-21,SUMMER 2020,15743,2750,05
PRIVATE MUSIC LESSONS: SAX,,1,,,,Gerbino/Fisher-Loc,9,1,8,ARTS,2020-05-26,2020-08-21,SUMMER 2020,15744,2750,06
PRIVATE MUSIC LESSONS: HARP,,1,,,,Caldicott/Fisher-Loc,9,0,9,ARTS,2020-05-26,2020-08-21,SUMMER 2020,15745,2750,07
PRIVATEMUSICLESSONS:PERCUSSION,,1,,,,Francis/Fisher-Loc,9,2,7,ARTS,2020-05-26,2020-08-21,SUMMER 2020,15746,2750,08
PRIVATE MUSIC LESSONS: VOICE,,1,,,,Harrigan/Fisher-Loc,9,2,7,ARTS,2020-05-26,2020-08-21,SUMMER 2020,15747,2750,09
PRIVATE MUSIC LESSONS: TRUMPET,,1,,,,Williams/Fisher-Loc,9,2,7,ARTS,2020-05-26,2020-08-21,SUMMER 2020,15748,2750,10
GAME SOUND & MUSICAL PLAY,LEC,4,MR,8:00AM,10:05AM,Galloway,19,13,6,ARTS,2020-05-26,2020-08-21,SUMMER 2020,15691,2965,01
SOUND ECOLOGY,LEC,4,MR,10:30AM,12:35PM,Galloway,19,1,18,ARTS,2020-05-26,2020-08-21,SUMMER 2020,15692,2966,01
VIDEO ART,STU,4,MR,1:30PM,3:35PM,Wille Kiel,16,11,5,ARTS,2020-05-26,2020-08-21,SUMMER 2020,15693,2967,01
"STARS, GALAXIES AND THE COSMOS",LEC,4,MR,8:00AM,10:05AM,Martin,0,40,-40,ASTR,2020-05-26,2020-08-21,SUMMER 2020,15483,1960,01
EARTH AND SKY,LEC,4,TF,8:00AM,10:05AM,Martin,0,50,-50,ASTR,2020-05-26,2020-08-21,SUMMER 2020,15348,2120,01
MOLECULAR BIOCHEMISTRY I,LEC,4,MR,10:30AM,12:35PM,Fraser,50,16,34,BCBP,2020-05-26,2020-08-21,SUMMER 2020,15338,4760,01
MASTER'S THESIS,LEC,1-9,,,,Wang,10,0,10,BCBP,2020-05-26,2020-08-21,SUMMER 2020,15170,6990,01
DISSERTATION,LEC,1-15,,,,Bystroff,10,0,10,BCBP,2020-05-26,2020-08-21,SUMMER 2020,15171,9990,01
DISSERTATION,LEC,1-15,,,,Swank,0,0,0,BCBP,2020-05-26,2020-08-21,SUMMER 2020,15172,9990,02
DISSERTATION,LEC,1-15,,,,Linhardt,10,0,10,BCBP,2020-05-26,2020-08-21,SUMMER 2020,15173,9990,03
DISSERTATION,LEC,1-15,,,,Wang,10,0,10,BCBP,2020-05-26,2020-08-21,SUMMER 2020,15174,9990,04
INTRODUCTION TO CELL BIOLOGY,LEC,4,MR,10:30AM,12:35PM,Klein,16,1,15,BIOL,2020-05-26,2020-08-21,SUMMER 2020,15671,2120,01
INTRODUCTION TO CELL BIOLOGY,LAB,4,T,12:30AM,4:30PM,Klein,1,15,BIOL,BIOL,2020-05-26,2020-08-21,SUMMER 2020,15671,2120,01
MICROBIOLOGY LABORATORY,LAB,6,T,1:00PM,5:50PM,Bonocora,16,4,12,BIOL,2020-05-26,2020-08-21,SUMMER 2020,15411,4320,01
MICROBIOLOGY LABORATORY,REC,6,R,1:00PM,2:50PM,Bonocora,4,12,BIOL,BIOL,2020-05-26,2020-08-21,SUMMER 2020,15411,4320,01
MOLECULAR BIOLOGY LAB,LAB,6,T,1:00PM,5:50PM,Rutledge,16,16,0,BIOL,2020-05-26,2020-08-21,SUMMER 2020,15370,4720,01
MOLECULAR BIOLOGY LAB,REC,6,R,1:00PM,2:50PM,Rutledge,16,0,BIOL,BIOL,2020-05-26,2020-08-21,SUMMER 2020,15370,4720,01
MOLECULAR BIOCHEMISTRY I,LEC,4,MR,10:30AM,12:35PM,Fraser,50,26,24,BIOL,2020-05-26,2020-08-21,SUMMER 2020,15337,4760,01
MASTER'S THESIS,LEC,1-9,,,,Barquera,10,0,10,BIOL,2020-05-26,2020-08-21,SUMMER 2020,14909,6990,01
MASTER'S THESIS,LEC,1-9,,,,Nierzwicki,10,0,10,BIOL,2020-05-26,2020-08-21,SUMMER 2020,14910,6990,02
MASTER'S THESIS,LEC,1-9,,,,Ligon,10,0,10,BIOL,2020-05-26,2020-08-21,SUMMER 2020,15175,6990,04
MASTER'S THESIS,LEC,1-9,,,,Bystroff,10,0,10,BIOL,2020-05-26,2020-08-21,SUMMER 2020,15176,6990,05
MASTER'S THESIS,LEC,1-9,,,,Bjornsson,10,0,10,BIOL,2020-05-26,2020-08-21,SUMMER 2020,15177,6990,07
MASTER'S THESIS,LEC,1-9,,,,Hanna,10,0,10,BIOL,2020-05-26,2020-08-21,SUMMER 2020,14912,6990,09
MASTER'S THESIS,LEC,1-9,,,,Gilbert,10,0,10,BIOL,2020-05-26,2020-08-21,SUMMER 2020,15178,6990,10
MASTER'S THESIS,LEC,1-9,,,,Linhardt,10,0,10,BIOL,2020-05-26,2020-08-21,SUMMER 2020,15179,6990,11
MASTER'S THESIS,LEC,1-9,,,,Rutledge,10,0,10,BIOL,2020-05-26,2020-08-21,SUMMER 2020,15180,6990,12
MASTER'S THESIS,LEC,1-9,,,,Swank,10,0,10,BIOL,2020-05-26,2020-08-21,SUMMER 2020,15181,6990,13
MASTER'S THESIS,LEC,1-9,,,,Wang,10,0,10,BIOL,2020-05-26,2020-08-21,SUMMER 2020,15182,6990,14
DISSERTATION,LEC,1-20,,,,Nierzwicki,10,0,10,BIOL,2020-05-26,2020-08-21,SUMMER 2020,14913,9990,02
DISSERTATION,LEC,1-20,,,,Ligon,10,0,10,BIOL,2020-05-26,2020-08-21,SUMMER 2020,15098,9990,04
DISSERTATION,LEC,1-20,,,,Dordick,10,0,10,BIOL,2020-05-26,2020-08-21,SUMMER 2020,15183,9990,05
DISSERTATION,LEC,1-20,,,,Bystroff,10,0,10,BIOL,2020-05-26,2020-08-21,SUMMER 2020,14915,9990,06
DISSERTATION,LEC,1-20,,,,Gilbert,10,0,10,BIOL,2020-05-26,2020-08-21,SUMMER 2020,15029,9990,10
DISSERTATION,LEC,1-20,,,,Linhardt,10,0,10,BIOL,2020-05-26,2020-08-21,SUMMER 2020,15184,9990,11
DISSERTATION,LEC,1-20,,,,Makhatadze,10,0,10,BIOL,2020-05-26,2020-08-21,SUMMER 2020,15185,9990,12
DISSERTATION,LEC,1-20,,,,Swank,0,0,0,BIOL,2020-05-26,2020-08-21,SUMMER 2020,15186,9990,13
DISSERTATION,LEC,1-20,,,,Wang,10,0,10,BIOL,2020-05-26,2020-08-21,SUMMER 2020,15187,9990,14
BIOMATERIALS SCI & ENGINEERING,LEC,4,TF,10:30AM,12:35PM,Hahn,29,14,15,BMED,2020-05-26,2020-08-21,SUMMER 2020,15451,2100,01
BIOMEDICAL ENGINEERING LAB,LEC,4,W,9:00AM,11:00AM,Agarwal,12,12,0,BMED,2020-05-26,2020-08-21,SUMMER 2020,15297,4010,01
BIOMEDICAL ENGINEERING LAB,LAB,4,T,1:30PM,4:30PM,Agarwal,12,0,BMED,BMED,2020-05-26,2020-08-21,SUMMER 2020,15297,4010,01
BIOMEDICAL ENGINEERING LAB,LEC,4,W,9:00AM,11:00AM,Mohamed,12,6,6,BMED,2020-05-26,2020-08-21,SUMMER 2020,15336,4010,02
BIOMEDICAL ENGINEERING LAB,LAB,4,R,1:30PM,4:30PM,Mohamed,6,6,BMED,BMED,2020-05-26,2020-08-21,SUMMER 2020,15336,4010,02
BIOMEDICAL ENGINEERING LAB,LAB,4,W,1:30PM,4:30PM,Agarwal,12,11,1,BMED,2020-05-26,2020-08-21,SUMMER 2020,15538,4010,03
BIOMEDICAL ENGINEERING LAB,LEC,4,W,9:00AM,11:00AM,Agarwal,11,1,BMED,BMED,2020-05-26,2020-08-21,SUMMER 2020,15538,4010,03
MODELING OF BIOMEDICAL SYSTEMS,LEC,4,TF,1:30PM,3:35PM,Kruger,28,21,7,BMED,2020-05-26,2020-08-21,SUMMER 2020,15265,4200,01
MODELING OF BIOMEDICAL SYSTEMS,LEC,4,MR,1:30PM,3:35PM,Hahn,39,39,0,BMED,2020-05-26,2020-08-21,SUMMER 2020,15449,4200,02
BIOMEDICAL FLUID MECHANICS,LEC,3,MR,10:30AM,12:35PM,Mohamed,29,2,27,BMED,2020-05-26,2020-08-21,SUMMER 2020,15450,4580,01
BIOMEDICAL FLUID MECHANICS,LEC,3,MR,10:30AM,12:35PM,Mohamed,29,0,29,BMED,2020-05-26,2020-08-21,SUMMER 2020,15480,6580,01
MASTER'S THESIS,LEC,1-9,,,,Ledet,25,0,25,BMED,2020-05-26,2020-08-21,SUMMER 2020,14919,6990,01
MASTER'S THESIS,LEC,1-9,,,,Brunski,25,0,25,BMED,2020-05-26,2020-08-21,SUMMER 2020,14920,6990,02
MASTER'S THESIS,LEC,1-9,,,,Vashishth,25,0,25,BMED,2020-05-26,2020-08-21,SUMMER 2020,14921,6990,03
DISSERTATION,LEC,1-15,,,,Brunski,25,0,25,BMED,2020-05-26,2020-08-21,SUMMER 2020,14922,9990,01
DISSERTATION,LEC,1-15,,,,Vashishth,25,0,25,BMED,2020-05-26,2020-08-21,SUMMER 2020,14923,9990,02
OUT-OF-CLASSROOM EXPERIENCE,LEC,1-4,,,,Bailey,1,0,1,CHEM,2020-05-26,2020-08-21,SUMMER 2020,15194,2930,01
INORGANIC CHEMISTRY II,LEC,3,TF,1:30PM,3:35PM,Bonitatibu,10,8,2,CHEM,2020-05-26,2020-08-21,SUMMER 2020,15440,4010,01
MACROSCOPIC PHYSICAL CHEMISTRY,LEC,3,MR,8:30AM,10:05AM,Korenowski,40,11,29,CHEM,2020-05-26,2020-08-21,SUMMER 2020,15439,4410,01
PHYSICAL CHEM FOR LIFE SCIENCE,LEC,4,MR,8:30AM,10:05AM,Bello/Korenowski,40,15,25,CHEM,2020-05-26,2020-08-21,SUMMER 2020,15438,4440,01
MODERN TECHNIQUES IN CHEMISTRY,LEC,4,MR,8:00AM,9:35AM,Sprague,16,16,0,CHEM,2020-05-26,2020-08-21,SUMMER 2020,15308,4530,01
MODERN TECHNIQUES IN CHEMISTRY,LAB,4,MTR,12:00AM,2:50PM,Sprague,16,0,CHEM,CHEM,2020-05-26,2020-08-21,SUMMER 2020,15308,4530,01
MODERN TECHNIQUES IN CHEMISTRY,LEC,4,MR,8:00AM,9:35AM,Sprague,16,16,0,CHEM,2020-05-26,2020-08-21,SUMMER 2020,15523,4530,02
MODERN TECHNIQUES IN CHEMISTRY,LAB,4,MTR,3:00PM,5:50PM,Aldersley,16,0,CHEM,CHEM,2020-05-26,2020-08-21,SUMMER 2020,15523,4530,02
MOLECULAR BIOCHEMISTRY I,LEC,4,MR,10:30AM,12:35PM,Fraser,50,13,37,CHEM,2020-05-26,2020-08-21,SUMMER 2020,15339,4760,01
TRANSPORT PHENOMENA I,LEC,4,TF,8:00AM,10:05AM,Baysal,60,38,22,CHME,2020-05-26,2020-08-21,SUMMER 2020,15300,4010,01
TRANSPORT PHENOMENA II,LEC,4,TF,8:00AM,10:05AM,Plawsky/Woodcock,40,13,27,CHME,2020-05-26,2020-08-21,SUMMER 2020,15430,4020,01
CHEM PROCESS DYNAMICS & CNTRL,LEC,4,MR,6:00PM,8:05PM,Hedden/Titus,80,50,30,CHME,2020-05-26,2020-08-21,SUMMER 2020,15301,4030,01
CHEMICAL ENGINEERING PRO SIMUL,LEC,3,TF,10:15AM,11:50AM,Baysal,40,9,31,CHME,2020-05-26,2020-08-21,SUMMER 2020,15374,4966,01
MASTERS THESIS,LEC,1-12,,,,Colon,25,0,25,CHME,2020-05-26,2020-08-21,SUMMER 2020,14876,6990,01
DISSERTATION,LEC,1-15,,,,Colon,25,0,25,CHME,2020-05-26,2020-08-21,SUMMER 2020,14877,9990,01
DISSERTATION,,1-15,,,,Belfort,25,0,25,CHME,2020-05-26,2020-08-21,SUMMER 2020,15047,9990,02
DISSERTATION,LEC,1-15,,,,Plawsky,5,0,5,CHME,2020-05-26,2020-08-21,SUMMER 2020,15108,9990,05
MASTERS THESIS,LEC,1-12,,,,Symans,25,0,25,CIVL,2020-05-26,2020-08-21,SUMMER 2020,14889,6990,01
MASTER'S THESIS,LEC,1-12,,,,Letchford,25,0,25,CIVL,2020-05-26,2020-08-21,SUMMER 2020,14896,6990,02
MASTER'S THESIS,LEC,1-12,,,,Abdoun,10,0,10,CIVL,2020-05-26,2020-08-21,SUMMER 2020,15278,6990,03
DISSERTATION,LEC,1-15,,,,Symans,25,0,25,CIVL,2020-05-26,2020-08-21,SUMMER 2020,14890,9990,01
DISSERTATION,,1-15,,,,Abdoun,25,0,25,CIVL,2020-05-26,2020-08-21,SUMMER 2020,15021,9990,02
BEHAVIORAL NEUROSCIENCE,LEC,4,MR,1:30PM,3:35PM,Walf,19,4,15,COGS,2020-05-26,2020-08-21,SUMMER 2020,15329,4360,01
COGNITION AND THE BRAIN,LEC,4,MR,10:30AM,12:35PM,Walf,19,6,13,COGS,2020-05-26,2020-08-21,SUMMER 2020,15476,4600,01
AI IN FICTION AND FACT,LEC,4,M,1:30PM,3:35PM,Hendler,15,2,13,COGS,2020-05-26,2020-08-21,SUMMER 2020,15539,4962,01
COMPUTER SCIENCE I,LEC,4,MR,10:30AM,12:10PM,Mushtaque/Hulbert,36,25,11,CSCI,2020-05-26,2020-08-21,SUMMER 2020,15017,1100,01
COMPUTER SCIENCE I,LAB,4,W,10:30AM,12:35PM,Staff,25,11,CSCI,CSCI,2020-05-26,2020-08-21,SUMMER 2020,15017,1100,01
COMPUTER SCIENCE I,TES,4,R,4:00PM,6:05PM,Staff,11,CSCI,CSCI,CSCI,2020-05-26,2020-08-21,SUMMER 2020,15017,1100,01
COMPUTER SCIENCE I,LEC,4,MR,10:30AM,12:10PM,Mushtaque/Hulbert,36,0,36,CSCI,2020-05-26,2020-08-21,SUMMER 2020,15423,1100,02
COMPUTER SCIENCE I,LAB,4,W,10:30AM,12:35PM,Staff,0,36,CSCI,CSCI,2020-05-26,2020-08-21,SUMMER 2020,15423,1100,02
COMPUTER SCIENCE I,TES,4,R,4:00PM,6:05PM,Staff,36,CSCI,CSCI,CSCI,2020-05-26,2020-08-21,SUMMER 2020,15423,1100,02
INTRODUCTION TO ALGORITHMS,LEC,4,TF,10:30AM,12:35PM,Goldschmid/Hulbert,45,45,0,CSCI,2020-05-26,2020-08-21,SUMMER 2020,15680,2300,01
INTRODUCTION TO ALGORITHMS,LAB,4,W,10:30AM,12:35PM,Staff,45,0,CSCI,CSCI,2020-05-26,2020-08-21,SUMMER 2020,15680,2300,01
INTRODUCTION TO ALGORITHMS,TES,4,R,4:00PM,6:05PM,Staff,0,CSCI,CSCI,CSCI,2020-05-26,2020-08-21,SUMMER 2020,15680,2300,01
INTRODUCTION TO ALGORITHMS,LEC,4,TF,10:30AM,12:35PM,Goldschmid/Hulbert,45,33,12,CSCI,2020-05-26,2020-08-21,SUMMER 2020,15681,2300,02
INTRODUCTION TO ALGORITHMS,LAB,4,W,10:30AM,12:35PM,Staff,33,12,CSCI,CSCI,2020-05-26,2020-08-21,SUMMER 2020,15681,2300,02
INTRODUCTION TO ALGORITHMS,TES,4,R,4:00PM,6:05PM,Staff,12,CSCI,CSCI,CSCI,2020-05-26,2020-08-21,SUMMER 2020,15681,2300,02
PRINCIPLES OF SOFTWARE,LEC,4,MR,1:30PM,3:35PM,Kuzmin/Hulbert,100,82,18,CSCI,2020-05-26,2020-08-21,SUMMER 2020,15431,2600,01
PRINCIPLES OF SOFTWARE,TES,4,R,6:30PM,8:30PM,Staff,82,18,CSCI,CSCI,2020-05-26,2020-08-21,SUMMER 2020,15431,2600,01
RCOS,STU,1-4,TF,1:30PM,3:35PM,Turner/Goldschmid,90,74,16,CSCI,2020-05-26,2020-08-21,SUMMER 2020,15677,2960,01
OPERATING SYSTEMS,LEC,4,MR,10:30AM,12:35PM,Goldschmid/Hulbert/Ho,200,94,106,CSCI,2020-05-26,2020-08-21,SUMMER 2020,15424,4210,01
OPERATING SYSTEMS,TES,4,R,6:30PM,8:30PM,Staff,94,106,CSCI,CSCI,2020-05-26,2020-08-21,SUMMER 2020,15424,4210,01
OPERATING SYSTEMS,LEC,4,MR,1:30PM,3:35PM,Goldschmid/Hulbert/Ho,200,102,98,CSCI,2020-05-26,2020-08-21,SUMMER 2020,15448,4210,02
OPERATING SYSTEMS,TES,4,R,6:30PM,8:30PM,Staff,102,98,CSCI,CSCI,2020-05-26,2020-08-21,SUMMER 2020,15448,4210,02
CRYPT & NETWORK SECURITY I,LEC,4,TF,1:30PM,3:35PM,Yener,100,63,37,CSCI,2020-05-26,2020-08-21,SUMMER 2020,15679,4230,01
NUMERICAL COMPUTING,LEC,4,TF,8:00AM,10:05AM,Zerbetto T,30,30,0,CSCI,2020-05-26,2020-08-21,SUMMER 2020,15334,4800,01
APPLICATION PROG USING JAVA,LEC,4,MR,4:00PM,6:05PM,Kuzmin,100,61,39,CSCI,2020-05-26,2020-08-21,SUMMER 2020,15346,4963,01
COMPUTER COMMUNICATION NETWORK,LEC,4,TF,10:30AM,12:35PM,Holzbauer,100,35,65,CSCI,2020-05-26,2020-08-21,SUMMER 2020,15347,4964,01
AI IN FICTION AND FACT,LEC,4,MR,1:30PM,3:35PM,Hendler,45,23,22,CSCI,2020-05-26,2020-08-21,SUMMER 2020,15678,4965,01
MASTER'S PROJECT,LEC,1-9,,,,Zaki,25,0,25,CSCI,2020-05-26,2020-08-21,SUMMER 2020,14878,6980,01
MASTER'S PROJECT,LEC,1-9,,,,Spooner,25,0,25,CSCI,2020-05-26,2020-08-21,SUMMER 2020,14881,6980,02
MASTER'S PROJECT,LEC,1-9,,,,Hendler,25,0,25,CSCI,2020-05-26,2020-08-21,SUMMER 2020,14899,6980,03
MASTER'S PROJECT,LEC,4,,,,Bringsjord,10,0,10,CSCI,2020-05-26,2020-08-21,SUMMER 2020,15274,6980,04
MASTER'S PROJECT,LEC,1-9,,,,Milanova,20,0,20,CSCI,2020-05-26,2020-08-21,SUMMER 2020,14935,6980,34
MASTERS THESIS,LEC,1-16,,,,Zaki,25,0,25,CSCI,2020-05-26,2020-08-21,SUMMER 2020,14926,6990,01
MASTERS THESIS,LEC,1-16,,,,Spooner,25,0,25,CSCI,2020-05-26,2020-08-21,SUMMER 2020,14927,6990,02
MASTERS THESIS,,1-16,,,,Varela,10,0,10,CSCI,2020-05-26,2020-08-21,SUMMER 2020,15023,6990,04
MASTERS THESIS,LEC,1-16,,,,McGuinness,5,0,5,CSCI,2020-05-26,2020-08-21,SUMMER 2020,15082,6990,06
MASTERS THESIS,LEC,1-16,,,,Carothers,5,0,5,CSCI,2020-05-26,2020-08-21,SUMMER 2020,15197,6990,08
MASTERS THESIS,LEC,1-16,,,,Ji,10,0,10,CSCI,2020-05-26,2020-08-21,SUMMER 2020,15552,6990,09
MASTERS THESIS,LEC,1-16,,,,Varela,10,0,10,CSCI,2020-05-26,2020-08-21,SUMMER 2020,15236,6990,10
MASTERS THESIS,LEC,1-16,,,,Cutler,5,1,4,CSCI,2020-05-26,2020-08-21,SUMMER 2020,15085,6990,11
MASTERS THESIS,LEC,1-16,,,,Szymanski,25,0,25,CSCI,2020-05-26,2020-08-21,SUMMER 2020,14955,6990,16
MASTERS THESIS,LEC,1-16,,,,Milanova,20,0,20,CSCI,2020-05-26,2020-08-21,SUMMER 2020,14936,6990,34
DISSERTATION,LEC,1-15,,,,Zaki,25,0,25,CSCI,2020-05-26,2020-08-21,SUMMER 2020,14929,9990,01
DISSERTATION,LEC,1-15,,,,Spooner,0,0,0,CSCI,2020-05-26,2020-08-21,SUMMER 2020,14906,9990,02
DISSERTATION,LEC,1-15,,,,Krishnamoo,25,0,25,CSCI,2020-05-26,2020-08-21,SUMMER 2020,14931,9990,03
DISSERTATION,LEC,1-15,,,,Szymanski,25,0,25,CSCI,2020-05-26,2020-08-21,SUMMER 2020,15056,9990,04
DISSERTATION,LEC,1-15,,,,McGuinness,10,0,10,CSCI,2020-05-26,2020-08-21,SUMMER 2020,15251,9990,05
DISSERTATION,LEC,1-15,,,,Ji,5,0,5,CSCI,2020-05-26,2020-08-21,SUMMER 2020,15237,9990,28
DISSERTATION,LEC,1-15,,,,Milanova,20,0,20,CSCI,2020-05-26,2020-08-21,SUMMER 2020,14937,9990,34
ELECTRIC CIRCUITS,LEC,4,TF,8:00AM,10:05AM,Sawyer,32,29,3,ECSE,2020-05-26,2020-08-21,SUMMER 2020,15651,2010,01
ELECTRIC CIRCUITS,LAB,4,T,4:00PM,6:25PM,Staff,29,3,ECSE,ECSE,2020-05-26,2020-08-21,SUMMER 2020,15651,2010,01
ELECTRIC CIRCUITS,LEC,4,TF,8:00AM,10:05AM,Sawyer,32,14,18,ECSE,2020-05-26,2020-08-21,SUMMER 2020,15652,2010,02
ELECTRIC CIRCUITS,LAB,4,F,4:00PM,6:25PM,Staff,14,18,ECSE,ECSE,2020-05-26,2020-08-21,SUMMER 2020,15652,2010,02
INTRODUCTION TO ELECTRONICS,LEC,4,TF,8:00AM,10:05AM,Braunstein/Hella,38,38,0,ECSE,2020-05-26,2020-08-21,SUMMER 2020,15654,2050,01
INTRODUCTION TO ELECTRONICS,LAB,4,T,1:30PM,3:55PM,Staff,38,0,ECSE,ECSE,2020-05-26,2020-08-21,SUMMER 2020,15654,2050,01
INTRODUCTION TO ELECTRONICS,LEC,4,TF,8:00AM,10:05AM,Braunstein/Hella,38,30,8,ECSE,2020-05-26,2020-08-21,SUMMER 2020,15655,2050,02
INTRODUCTION TO ELECTRONICS,LAB,4,F,1:30PM,3:55PM,Staff,30,8,ECSE,ECSE,2020-05-26,2020-08-21,SUMMER 2020,15655,2050,02
FIELDS AND WAVES I,LEC,4,MR,8:00AM,10:05AM,Staff,32,15,17,ECSE,2020-05-26,2020-08-21,SUMMER 2020,15657,2100,01
FIELDS AND WAVES I,LAB,4,M,1:30PM,3:55PM,Staff,15,17,ECSE,ECSE,2020-05-26,2020-08-21,SUMMER 2020,15657,2100,01
FIELDS AND WAVES I,LEC,4,MR,8:00AM,10:05AM,Staff,32,13,19,ECSE,2020-05-26,2020-08-21,SUMMER 2020,15658,2100,02
FIELDS AND WAVES I,LAB,4,R,1:30PM,3:55PM,Staff,13,19,ECSE,ECSE,2020-05-26,2020-08-21,SUMMER 2020,15658,2100,02
ELECTRICAL ENERGY SYSTEMS,LEC,3,TF,10:30AM,12:05PM,Shah,40,26,14,ECSE,2020-05-26,2020-08-21,SUMMER 2020,15672,2110,01
SIGNALS AND SYSTEMS,LEC,3,MR,10:30AM,12:05PM,Hameed,100,79,21,ECSE,2020-05-26,2020-08-21,SUMMER 2020,15650,2410,01
ENGINEERING PROBABILITY,LEC,3,TF,10:30AM,12:05PM,Kruger,100,58,42,ECSE,2020-05-26,2020-08-21,SUMMER 2020,15653,2500,01
COMPUTER COMPONENT & OPERATION,LEC,4,MR,8:00AM,10:05AM,Hameed,36,15,21,ECSE,2020-05-26,2020-08-21,SUMMER 2020,15673,2610,01
COMPUTER COMPONENT & OPERATION,LAB,4,M,1:30PM,3:55PM,Staff,15,21,ECSE,ECSE,2020-05-26,2020-08-21,SUMMER 2020,15673,2610,01
PRACTICUM-COLLEGE TEACHING II,LEC,2,,,,Lu,2,0,2,ECSE,2020-05-26,2020-08-21,SUMMER 2020,15768,2960,02
MASTER'S PROJECT,LEC,1-16,,,,Schubert,25,0,25,ECSE,2020-05-26,2020-08-21,SUMMER 2020,14893,6980,01
MASTERS THESIS,LEC,1-12,,,,Schubert,50,0,50,ECSE,2020-05-26,2020-08-21,SUMMER 2020,14873,6990,01
MASTERS THESIS,,1-12,,,,Franklin,25,0,25,ECSE,2020-05-26,2020-08-21,SUMMER 2020,15038,6990,02
MASTERS THESIS,LEC,1-12,,,,Woods,5,0,5,ECSE,2020-05-26,2020-08-21,SUMMER 2020,15145,6990,04
MASTERS THESIS,LEC,1-12,,,,Bhat,10,0,10,ECSE,2020-05-26,2020-08-21,SUMMER 2020,15159,6990,05
MASTERS THESIS,LEC,1-12,,,,Salon,10,0,10,ECSE,2020-05-26,2020-08-21,SUMMER 2020,15196,6990,06
MASTERS THESIS,LEC,1-12,,,,Kar,5,0,5,ECSE,2020-05-26,2020-08-21,SUMMER 2020,15544,6990,07
MASTERS THESIS,LEC,1-12,,,,Zhang,1,0,1,ECSE,2020-05-26,2020-08-21,SUMMER 2020,15081,6990,10
MASTERS THESIS,LEC,1-12,,,,Lecoz,25,0,25,ECSE,2020-05-26,2020-08-21,SUMMER 2020,14988,6990,24
MASTERS THESIS,LEC,1-12,,,,Chow,25,0,25,ECSE,2020-05-26,2020-08-21,SUMMER 2020,14947,6990,35
DISSERTATION,LEC,1-18,,,,Shur,25,0,25,ECSE,2020-05-26,2020-08-21,SUMMER 2020,14994,9990,05
DISSERTATION,LEC,1-18,,,,Huang,25,0,25,ECSE,2020-05-26,2020-08-21,SUMMER 2020,14987,9990,46
INTRO ENGR DESIGN,LEC,4,MR,10:30AM,12:35PM,Staff,28,27,1,ENGR,2020-05-26,2020-08-21,SUMMER 2020,14862,2050,01
INTRO ENGR DESIGN,LEC,4,TF,10:30AM,12:35PM,Staff,26,24,2,ENGR,2020-05-26,2020-08-21,SUMMER 2020,15247,2050,02
INTRO ENGR DESIGN,LEC,4,TF,8:00AM,10:05AM,Staff,28,28,0,ENGR,2020-05-26,2020-08-21,SUMMER 2020,15316,2050,03
INTRO ENGR DESIGN,LEC,4,MR,10:30AM,12:35PM,Staff,26,26,0,ENGR,2020-05-26,2020-08-21,SUMMER 2020,15418,2050,04
INTRO ENGR DESIGN,LEC,4,MR,8:00AM,10:05AM,Staff,28,28,0,ENGR,2020-05-26,2020-08-21,SUMMER 2020,15471,2050,05
INTRO ENGR DESIGN,LEC,4,TF,10:30AM,12:35PM,Staff,25,15,10,ENGR,2020-05-26,2020-08-21,SUMMER 2020,15527,2050,06
INTRO ENGR DESIGN,LEC,4,MR,10:30AM,12:35PM,Staff,25,8,17,ENGR,2020-05-26,2020-08-21,SUMMER 2020,15531,2050,07
ENGINEERING DYNAMICS,LEC,4,TF,10:30AM,12:35PM,Staff,60,57,3,ENGR,2020-05-26,2020-08-21,SUMMER 2020,15271,2090,01
ENGINEERING DYNAMICS,LEC,4,MR,1:30PM,3:35PM,Staff,60,53,7,ENGR,2020-05-26,2020-08-21,SUMMER 2020,15273,2090,02
ELECTRONIC INSTRUMENTATION,LEC,4,MR,10:30AM,12:35PM,Wilt/Braunstein,70,32,38,ENGR,2020-05-26,2020-08-21,SUMMER 2020,15661,2300,01
ELECTRONIC INSTRUMENTATION,LAB,4,M,1:30PM,3:35PM,Staff,32,38,ENGR,ENGR,2020-05-26,2020-08-21,SUMMER 2020,15661,2300,01
EMBEDDED CONTROL,LEC,4,TF,10:30AM,12:35PM,Wilt/Braunstein,70,14,56,ENGR,2020-05-26,2020-08-21,SUMMER 2020,15659,2350,01
EMBEDDED CONTROL,LAB,4,T,1:30PM,4:30PM,Staff,14,56,ENGR,ENGR,2020-05-26,2020-08-21,SUMMER 2020,15659,2350,01
STRENGTH OF MATERIALS,LEC,4,MR,8:00AM,10:05AM,El-Shafee/Abdellatef,50,12,38,ENGR,2020-05-26,2020-08-21,SUMMER 2020,15234,2530,01
STRENGTH OF MATERIALS,LEC,4,TF,8:00AM,10:05AM,El-Shafee/Abdellatef,50,13,37,ENGR,2020-05-26,2020-08-21,SUMMER 2020,15188,2530,02
MOD & ANALYSIS UNCERTAIN,LEC,3,MR,10:30AM,12:35PM,Staff,50,17,33,ENGR,2020-05-26,2020-08-21,SUMMER 2020,14863,2600,01
MOD & ANALYSIS UNCERTAINTY,LEC,3,TF,10:30AM,12:35PM,Keblinski/Sundararam,50,35,15,ENGR,2020-05-26,2020-08-21,SUMMER 2020,15421,2600,02
MODELING & ANALYSIS UNCERTAINT,LEC,3,MR,1:30PM,3:35PM,Staff,50,17,33,ENGR,2020-05-26,2020-08-21,SUMMER 2020,15526,2600,03
ENGINEERING ECONOMICS,LEC,3,MR,1:30PM,3:35PM,Foley/Aboul-Seou,60,56,4,ENGR,2020-05-26,2020-08-21,SUMMER 2020,15096,4760,01
APPL HYDROLOGY & HYDRAULICS,LEC,4,TF,8:00AM,10:05AM,Letchford,16,16,0,ENVE,2020-05-26,2020-08-21,SUMMER 2020,15307,4310,01
APPL HYDROLOGY & HYDRAULICS,LAB,4,M,3:45PM,5:35PM,Letchford,16,0,ENVE,ENVE,2020-05-26,2020-08-21,SUMMER 2020,15307,4310,01
APPL HYDROLOGY & HYDRAULICS,LEC,4,TF,8:00AM,10:05AM,Letchford,16,15,1,ENVE,2020-05-26,2020-08-21,SUMMER 2020,15326,4310,02
APPL HYDROLOGY & HYDRAULICS,LAB,4,T,3:45PM,5:35PM,Letchford,15,1,ENVE,ENVE,2020-05-26,2020-08-21,SUMMER 2020,15326,4310,02
APPL HYDROLOGY & HYDRAULICS,LEC,4,TF,8:00AM,10:05AM,Letchford,16,9,7,ENVE,2020-05-26,2020-08-21,SUMMER 2020,15327,4310,03
APPL HYDROLOGY & HYDRAULICS,LAB,4,R,3:45PM,5:35PM,Letchford,9,7,ENVE,ENVE,2020-05-26,2020-08-21,SUMMER 2020,15327,4310,03
APPL HYDROLOGY & HYDRAULICS,LAB,4,F,3:45PM,5:35PM,Letchford,16,3,13,ENVE,2020-05-26,2020-08-21,SUMMER 2020,15373,4310,04
APPL HYDROLOGY & HYDRAULICS,LEC,4,TF,8:00AM,10:05AM,Letchford,3,13,ENVE,ENVE,2020-05-26,2020-08-21,SUMMER 2020,15373,4310,04
DISSERTATION,LEC,1-15,,,,Kilduff,25,0,25,ENVE,2020-05-26,2020-08-21,SUMMER 2020,14986,9990,02
ENVIRONMENTAL MEASUREMENTS,STU,4,T,1:30PM,5:50PM,Cadieux,12,9,3,ERTH,2020-05-26,2020-08-21,SUMMER 2020,15488,4190,01
MASTER'S PROJECT,LEC,1-9,,,,Rogers,5,0,5,ERTH,2020-05-26,2020-08-21,SUMMER 2020,15254,6980,01
MASTER'S PROJECT,LEC,1-9,,,,Schaller,10,0,10,ERTH,2020-05-26,2020-08-21,SUMMER 2020,15286,6980,02
MASTER'S THESIS,LEC,1-9,,,,Staff,25,0,25,ERTH,2020-05-26,2020-08-21,SUMMER 2020,15054,6990,01
MASTER'S THESIS,LEC,1-9,,,,Watson,25,0,25,ERTH,2020-05-26,2020-08-21,SUMMER 2020,14864,6990,02
MASTER'S THESIS,LEC,1-9,,,,Roecker,25,0,25,ERTH,2020-05-26,2020-08-21,SUMMER 2020,14989,6990,05
DISSERTATION,LEC,1-15,,,,Watson,25,0,25,ERTH,2020-05-26,2020-08-21,SUMMER 2020,14865,9990,02
ART FOR INTERACTIVE MEDIA,STU,4,MR,1:30PM,3:35PM,Nideffer,5,2,3,GSAS,2020-05-26,2020-08-21,SUMMER 2020,15667,1040,01
ART FOR INTERACTIVE MEDIA,,4,MR,1:30PM,3:35PM,Nideffer,15,6,9,GSAS,2020-05-26,2020-08-21,SUMMER 2020,15750,1040,02
INTRO TO GAME PROGRAMMING,LEC,4,MR,1:30PM,3:35PM,Ameres,19,18,1,GSAS,2020-05-26,2020-08-21,SUMMER 2020,15696,2540,01
ANALOG ROLE-PLAYING GAMES,LEC,4,MR,1:30PM,3:35PM,Mizer,10,6,4,GSAS,2020-05-26,2020-08-21,SUMMER 2020,15719,2962,01
ANALOG ROLE-PLAYING GAMES,LEC,4,MR,1:30PM,3:35PM,Mizer,9,3,6,GSAS,2020-05-26,2020-08-21,SUMMER 2020,15720,2962,02
INTRODUCTION TO WORLDBUILDING,LEC,4,MR,10:30AM,12:35PM,Mizer,10,9,1,GSAS,2020-05-26,2020-08-21,SUMMER 2020,15724,2965,01
INTRODUCTION TO WORLDBUILDING,LEC,4,MR,10:30AM,12:35PM,Mizer,9,3,6,GSAS,2020-05-26,2020-08-21,SUMMER 2020,15725,2965,02
GAME DEVELOPMENT I,LEC,4,MR,10:30AM,12:35PM,Ameres,12,4,8,GSAS,2020-05-26,2020-08-21,SUMMER 2020,15707,4520,01
DISSERTATION,LEC,1-15,,,,Fox,10,0,10,ISCI,2020-05-26,2020-08-21,SUMMER 2020,15192,9990,07
STATISTICAL ANALYSIS,LEC,4,TF,1:30PM,3:35PM,Aboul-Seou,50,22,28,ISYE,2020-05-26,2020-08-21,SUMMER 2020,15304,4140,01
ENGR PROJ MANAGEMENT,LEC,3,MR,3:45PM,5:50PM,Foley,50,19,31,ISYE,2020-05-26,2020-08-21,SUMMER 2020,15366,4240,01
OPERATIONS RESEARCH METHOD,LEC,4,MR,8:00AM,10:20AM,Foley,50,24,26,ISYE,2020-05-26,2020-08-21,SUMMER 2020,15305,4600,01
MASTERS PROJECT,LEC,1-9,,,,Grabowski,10,0,10,ISYE,2020-05-26,2020-08-21,SUMMER 2020,15367,6980,01
MASTER'S THESIS,LEC,1-9,,,,Wallace,1,0,1,ISYE,2020-05-26,2020-08-21,SUMMER 2020,15193,6990,01
MASTER'S THESIS,LEC,1-9,,,,Mendonca,10,0,10,ISYE,2020-05-26,2020-08-21,SUMMER 2020,15351,6990,02
MASTER'S THESIS,LEC,1-9,,,,Embrechts,10,0,10,ISYE,2020-05-26,2020-08-21,SUMMER 2020,15352,6990,03
MASTER'S THESIS,LEC,1-9,,,,Foley,10,0,10,ISYE,2020-05-26,2020-08-21,SUMMER 2020,15354,6990,04
MASTER'S THESIS,LEC,1-9,,,,Hsu,10,0,10,ISYE,2020-05-26,2020-08-21,SUMMER 2020,15356,6990,05
MASTER'S THESIS,LEC,1-9,,,,Pazour,10,0,10,ISYE,2020-05-26,2020-08-21,SUMMER 2020,15358,6990,06
MASTER'S THESIS,LEC,1-9,,,,Sharkey,10,0,10,ISYE,2020-05-26,2020-08-21,SUMMER 2020,15360,6990,07
MASTER'S THESIS,LEC,1-9,,,,Aboul-Seou,10,0,10,ISYE,2020-05-26,2020-08-21,SUMMER 2020,15362,6990,09
MASTER'S THESIS,LEC,1-9,,,,Goncalves,10,0,10,ISYE,2020-05-26,2020-08-21,SUMMER 2020,15364,6990,11
DISSERTATION,LEC,1-15,,,,Mendonca,2,0,2,ISYE,2020-05-26,2020-08-21,SUMMER 2020,15313,9990,01
DISSERTATION,LEC,1-15,,,,Wallace,10,0,10,ISYE,2020-05-26,2020-08-21,SUMMER 2020,15350,9990,02
DISSERTATION,LEC,1-15,,,,Embrechts,10,0,10,ISYE,2020-05-26,2020-08-21,SUMMER 2020,15353,9990,03
DISSERTATION,LEC,1-15,,,,Foley,10,0,10,ISYE,2020-05-26,2020-08-21,SUMMER 2020,15355,9990,04
DISSERTATION,LEC,1-15,,,,Hsu,10,0,10,ISYE,2020-05-26,2020-08-21,SUMMER 2020,15357,9990,05
DISSERTATION,LEC,1-15,,,,Pazour,10,0,10,ISYE,2020-05-26,2020-08-21,SUMMER 2020,15359,9990,06
DISSERTATION,LEC,1-15,,,,Sharkey,10,0,10,ISYE,2020-05-26,2020-08-21,SUMMER 2020,15361,9990,07
DISSERTATION,LEC,1-15,,,,Aboul-Seou,10,0,10,ISYE,2020-05-26,2020-08-21,SUMMER 2020,15363,9990,09
DISSERTATION,LEC,1-15,,,,Schell,10,0,10,ISYE,2020-05-26,2020-08-21,SUMMER 2020,15545,9990,10
DISSERTATION,LEC,1-15,,,,Goncalves,10,0,10,ISYE,2020-05-26,2020-08-21,SUMMER 2020,15365,9990,11
DISSERTATION,LEC,1-15,,,,Grabowski,10,0,10,ISYE,2020-05-26,2020-08-21,SUMMER 2020,15368,9990,12
MASTER'S PROJECT,LEC,1-9,,,,Leslie,10,0,10,LGHT,2020-05-26,2020-08-21,SUMMER 2020,15256,6980,01
SCIENCE AND FICTION,LEC,4,TF,1:30PM,3:35PM,Deery,19,23,-4,LITR,2020-05-26,2020-08-21,SUMMER 2020,15482,4150,01
INVENTOR'S STUDIO 1,STU,4,MR,8:00AM,10:05AM,Ghosh,26,12,14,MANE,2020-05-26,2020-08-21,SUMMER 2020,15665,2220,01
INVENTOR'S STUDIO 1,STU,4,MR,10:30AM,12:35PM,Ghosh,26,18,8,MANE,2020-05-26,2020-08-21,SUMMER 2020,15666,2220,02
FLUID MECHANICS,LEC,3,MR,8:00AM,10:05AM,Woodcock,80,61,19,MANE,2020-05-26,2020-08-21,SUMMER 2020,15408,2720,01
FLUID MECHANICS,LEC,3,MR,10:30AM,12:35PM,Borca-Tasc,80,42,38,MANE,2020-05-26,2020-08-21,SUMMER 2020,15664,2720,02
ELEMENTS OF MECH DESIGN,LEC,4,TF,8:00AM,10:05AM,Young/Shahsavari,80,67,13,MANE,2020-05-26,2020-08-21,SUMMER 2020,15309,4030,01
ELEMENTS OF MECH DESIGN,LEC,4,TF,10:30AM,12:35PM,Young/Shahsavari,80,49,31,MANE,2020-05-26,2020-08-21,SUMMER 2020,15441,4030,02
MODELING AND CONTRL OF DYN SYS,LEC,4,TF,1:30PM,3:35PM,Staff,0,4,-4,MANE,2020-05-26,2020-08-21,SUMMER 2020,14982,4050,01
MODELING AND CONTRL OF DYN SYS,LAB,4,,,,Staff,4,-4,MANE,MANE,2020-05-26,2020-08-21,SUMMER 2020,14982,4050,01
AEROSPACE STRUC & MATERIALS,LEC,4,MR,8:00AM,10:05AM,Shahsavari/Young,50,29,21,MANE,2020-05-26,2020-08-21,SUMMER 2020,15296,4060,01
AEROSPACE STRUC & MATERIALS,LEC,4,MR,10:30AM,12:35PM,Shahsavari/Young,55,50,5,MANE,2020-05-26,2020-08-21,SUMMER 2020,15698,4060,02
AERODYNAMICS I,LEC,4,TF,8:00AM,10:05AM,Staff,50,40,10,MANE,2020-05-26,2020-08-21,SUMMER 2020,15295,4070,01
AERODYNAMICS I,LEC,4,TF,10:30AM,12:35PM,Staff,50,32,18,MANE,2020-05-26,2020-08-21,SUMMER 2020,15701,4070,02
INTRO TO FINITE ELEMENTS,LEC,3,MR,10:30AM,12:35PM,Panneersel,50,14,36,MANE,2020-05-26,2020-08-21,SUMMER 2020,15409,4240,01
INTRO TO FINITE ELEMENTS,LEC,3,MR,1:30PM,3:35PM,Panneersel,50,14,36,MANE,2020-05-26,2020-08-21,SUMMER 2020,15699,4240,02
MODELING AND CONTRL OF DYN SYS,LEC,3,TF,10:30AM,12:35PM,Staff,60,19,41,MANE,2020-05-26,2020-08-21,SUMMER 2020,15521,4500,01
MODELING AND CONTRL OF DYN SYS,LEC,3,TF,1:30PM,3:35PM,Staff,60,54,6,MANE,2020-05-26,2020-08-21,SUMMER 2020,15700,4500,02
HEAT TRANSFER,LEC,3,TF,10:30AM,12:35PM,Borca Tasc,40,20,20,MANE,2020-05-26,2020-08-21,SUMMER 2020,15522,4730,01
MANE SAFETY PROGRAM,LEC,0,,,,McDougall/De,50,3,47,MANE,2020-05-26,2020-08-21,SUMMER 2020,15281,4964,01
MASTER'S PROJECT,,1-9,,,,Shi,5,0,5,MANE,2020-05-26,2020-08-21,SUMMER 2020,15530,6980,01
MASTER'S THESIS,LEC,1-12,,,,Mishra,10,0,10,MANE,2020-05-26,2020-08-21,SUMMER 2020,14930,6990,01
FOUNDATIONS OF ANALYSIS,LEC,4,TF,10:30AM,12:35PM,Kiehl/Stevenson,50,50,0,MATH,2020-05-26,2020-08-21,SUMMER 2020,15433,4090,01
LINEAR ALGEBRA,LEC,4,MR,10:30AM,12:35PM,Kovacic,60,60,0,MATH,2020-05-26,2020-08-21,SUMMER 2020,15685,4100,01
INTRO TO COMPLEX VARIABLES,LEC,4,MR,1:30PM,3:35PM,Holmes/Stevenson,60,60,0,MATH,2020-05-26,2020-08-21,SUMMER 2020,15687,4300,01
ADVANCED CALCULUS,LEC,4,MR,8:00AM,10:05AM,Boudjelkha,40,40,0,MATH,2020-05-26,2020-08-21,SUMMER 2020,15683,4600,01
NUMERICAL COMPUTING,LEC,4,TF,8:00AM,10:05AM,Zerbetto T,30,30,0,MATH,2020-05-26,2020-08-21,SUMMER 2020,15684,4800,01
MASTER'S PRACTICUM  IN MATH,LEC,0,,,,Schwendema,25,0,25,MATH,2020-05-26,2020-08-21,SUMMER 2020,14897,6970,01
MASTER'S PROJECT,LEC,1-6,,,,Piper,10,0,10,MATH,2020-05-26,2020-08-21,SUMMER 2020,15276,6980,03
MANAGERIAL FINANCE,LEC,4,MR,1:00PM,3:05PM,Mistry,30,19,11,MGMT,2020-05-26,2020-08-21,SUMMER 2020,15644,2320,01
MANAGERIAL FINANCE,LEC,4,MR,10:30AM,12:35PM,Mistry,30,16,14,MGMT,2020-05-26,2020-08-21,SUMMER 2020,15645,2320,02
COMPUTER INFO SYSTEMS,LEC,4,TF,1:00PM,3:05PM,Kuruzovich,30,20,10,MGMT,2020-05-26,2020-08-21,SUMMER 2020,15648,4140,01
COMPUTER INFO SYSTEMS,LEC,4,TF,10:30AM,12:35PM,Demertzogl,30,30,0,MGMT,2020-05-26,2020-08-21,SUMMER 2020,15649,4140,02
ORG BEHAVIOR IN HIGH PERF ORG,LEC,4,MR,10:30AM,12:35PM,Zhao,30,25,5,MGMT,2020-05-26,2020-08-21,SUMMER 2020,15646,4850,01
ORG BEHAVIOR IN HIGH PERF ORG,LEC,4,MR,1:00PM,3:05PM,Zhao,30,19,11,MGMT,2020-05-26,2020-08-21,SUMMER 2020,15647,4850,02
PRACTICUM IN MANAGEMENT,LEC,3,W,6:00PM,9:20PM,Ballinger,15,4,11,MGMT,2020-05-26,2020-08-21,SUMMER 2020,15548,4900,01
PRACTICUM IN MANAGEMENT,,3,W,6:00PM,9:20PM,Ballinger,15,5,10,MGMT,2020-05-26,2020-08-21,SUMMER 2020,15404,6840,01
DISSERTATION & RESEARCH,LEC,5,,,,Kuruzovich,1,0,1,MGMT,2020-05-26,2020-08-21,SUMMER 2020,15160,9990,01
DISSERTATION,LEC,1-15,,,,Francis,10,0,10,MGMT,2020-05-26,2020-08-21,SUMMER 2020,15162,9990,02
DISSERTATION,LEC,1-15,,,,Nevo,10,0,10,MGMT,2020-05-26,2020-08-21,SUMMER 2020,15547,9990,04
DISSERTATION,LEC,1-15,,,,Kumar,10,0,10,MGMT,2020-05-26,2020-08-21,SUMMER 2020,15248,9990,10
MATERIALS LABORATORY SKILLS,LAB,1,M,1:30PM,5:30PM,Lewis,12,9,3,MTLE,2020-05-26,2020-08-21,SUMMER 2020,15416,2500,01
MATERIALS LABORATORY SKILLS,LAB,1,T,1:30PM,5:30PM,Lewis,12,3,9,MTLE,2020-05-26,2020-08-21,SUMMER 2020,15663,2500,02
MECH PROPERTIES OF MATERIALS,LEC,4,MR,10:30AM,12:35PM,Ozisik,12,8,4,MTLE,2020-05-26,2020-08-21,SUMMER 2020,15312,4250,01
MECH PROPERTIES OF MATERIALS,LAB,4,R,1:30PM,5:30PM,Ozisik,8,4,MTLE,MTLE,2020-05-26,2020-08-21,SUMMER 2020,15312,4250,01
MECH PROPERTIES OF MATERIALS,LEC,4,MR,10:30AM,12:35PM,Ozisik,12,5,7,MTLE,2020-05-26,2020-08-21,SUMMER 2020,15525,4250,02
MECH PROPERTIES OF MATERIALS,LAB,4,F,1:30PM,5:30PM,Ozisik,5,7,MTLE,MTLE,2020-05-26,2020-08-21,SUMMER 2020,15525,4250,02
MASTER'S PROJECT,LEC,1-12,,,,Ozisik,100,0,100,MTLE,2020-05-26,2020-08-21,SUMMER 2020,14887,6980,02
MASTER'S PROJECT,LEC,1-12,,,,Duquette,25,0,25,MTLE,2020-05-26,2020-08-21,SUMMER 2020,14949,6980,03
MASTER'S PROJECT,LEC,1-12,,,,Hull,5,0,5,MTLE,2020-05-26,2020-08-21,SUMMER 2020,15146,6980,04
MASTER'S THESIS,LEC,1-15,,,,Duquette,25,0,25,MTLE,2020-05-26,2020-08-21,SUMMER 2020,14950,6990,03
MASTER'S THESIS,LEC,1-15,,,,Hull,5,0,5,MTLE,2020-05-26,2020-08-21,SUMMER 2020,15144,6990,05
MASTER'S THESIS,LEC,1-15,,,,Siegel,5,0,5,MTLE,2020-05-26,2020-08-21,SUMMER 2020,15088,6990,09
MASTER'S THESIS,LEC,1-15,,,,Gall,25,0,25,MTLE,2020-05-26,2020-08-21,SUMMER 2020,14933,6990,14
DISSERTATION,LEC,1-15,,,,Ozisik,100,0,100,MTLE,2020-05-26,2020-08-21,SUMMER 2020,14886,9990,02
DISSERTATION,LEC,1-15,,,,Duquette,25,0,25,MTLE,2020-05-26,2020-08-21,SUMMER 2020,14944,9990,03
DISSERTATION,LEC,1-15,,,,Gall,5,0,5,MTLE,2020-05-26,2020-08-21,SUMMER 2020,15053,9990,04
DISSERTATION,LEC,1-15,,,,Siegel,5,0,5,MTLE,2020-05-26,2020-08-21,SUMMER 2020,15087,9990,09
QUANTUM PHYSICS II,LEC,4,TF,3:45PM,5:50PM,Georg,30,17,13,PHYS,2020-05-26,2020-08-21,SUMMER 2020,15713,2220,01
EXPERIMENTAL PHYSICS,LAB,4,M,2:00PM,6:20PM,Michael,16,16,0,PHYS,2020-05-26,2020-08-21,SUMMER 2020,15445,2350,01
EXPERIMENTAL PHYSICS,LAB,4,R,2:00PM,6:20PM,Persans,16,16,0,PHYS,2020-05-26,2020-08-21,SUMMER 2020,15446,2350,02
EXPERIMENTAL PHYSICS,LEC,4,W,9:00AM,1:20PM,Michael,16,16,0,PHYS,2020-05-26,2020-08-21,SUMMER 2020,15540,2350,03
SOCIAL PSYCHOLOGY,LEC,4,TF,8:00AM,10:05AM,VerWys,20,20,0,PSYC,2020-05-26,2020-08-21,SUMMER 2020,15136,2730,01
BEHAVIORAL NEUROSCIENCE,LEC,4,MR,1:30PM,3:35PM,Walf,19,13,6,PSYC,2020-05-26,2020-08-21,SUMMER 2020,15328,4320,01
PERSONALITY,LEC,4,MR,8:00AM,10:05AM,VerWys,20,20,0,PSYC,2020-05-26,2020-08-21,SUMMER 2020,15137,4400,01
COGNITION & THE BRAIN,LEC,4,MR,10:30AM,12:35PM,Walf,19,13,6,PSYC,2020-05-26,2020-08-21,SUMMER 2020,15477,4600,01
ABNORMAL PSYCHOLOGY,LEC,4,TF,10:30AM,12:35PM,Anderson,70,69,1,PSYC,2020-05-26,2020-08-21,SUMMER 2020,15461,4720,01
AMERICAN HISTORY,LEC,4,TF,8:00AM,10:05AM,Staff,75,27,48,STSH,2020-05-26,2020-08-21,SUMMER 2020,15708,2500,01
AFRICAN AMERICAN HISTORY,LEC,4,TF,10:30AM,12:35PM,Staff,40,12,28,STSH,2020-05-26,2020-08-21,SUMMER 2020,15697,2960,01
"MEDICINE, CULTURE & SOCIETY",,4,MR,1:30PM,3:35PM,Cook,15,5,10,STSH,2020-05-26,2020-08-21,SUMMER 2020,15753,4400,01
SOCIAL DEMO: SOCIETY BY NUMBER,,4,TF,1:30PM,3:35PM,Cook,15,5,10,STSH,2020-05-26,2020-08-21,SUMMER 2020,15755,4520,01
DESIGN & INNOVATION STUDIO A,STU,4,MR,1:00PM,4:05PM,Costelloe-,25,13,12,STSH,2020-05-26,2020-08-21,SUMMER 2020,15735,4600,01
GRASSROOTS SCIENCE,STU,4,MR,1:00PM,4:05PM,Schaffer,19,0,19,STSH,2020-05-26,2020-08-21,SUMMER 2020,15458,4961,01
GENDER & RACE IN CULTURE,LEC,1,W,7:00PM,9:50PM,Costelloe-,30,6,24,STSH,2020-05-26,2020-08-21,SUMMER 2020,15716,4963,01
GENDER & SUSTAINABILITY,LEC,4,TF,2:00PM,4:05PM,Costelloe-,19,1,18,STSH,2020-05-26,2020-08-21,SUMMER 2020,15717,4964,01
SOCIOLOGY,LEC,4,MR,8:00AM,10:05AM,Stanford,50,47,3,STSS,2020-05-26,2020-08-21,SUMMER 2020,15510,2520,01
SOCIOLOGY,,4,MR,5:00PM,7:05PM,Yehudah,29,30,-1,STSS,2020-05-26,2020-08-21,SUMMER 2020,15551,2520,02
"MEDICINE, CULTURE & SOCIETY",,4,MR,1:30PM,3:35PM,Cook,15,8,7,STSS,2020-05-26,2020-08-21,SUMMER 2020,15752,4400,01
SOCIAL DEMO: SOCIETY BY NUMBER,,4,TF,1:30PM,3:35PM,Cook,15,12,3,STSS,2020-05-26,2020-08-21,SUMMER 2020,15754,4520,01
DESIGN & INNOVATION STUDIO A,STU,4,MR,1:00PM,4:05PM,Costelloe-,25,11,14,STSS,2020-05-26,2020-08-21,SUMMER 2020,15734,4600,01
GRASSROOTS SCIENCE,STU,4,MR,1:00PM,4:05PM,Schaffer,19,1,18,STSS,2020-05-26,2020-08-21,SUMMER 2020,15457,4961,01
GENDER & SUSTAINABILITY,LEC,4,TF,2:00PM,4:05PM,Costelloe-,19,7,12,STSS,2020-05-26,2020-08-21,SUMMER 2020,15512,4962,01
GENDER & RACE IN CULTURE,LEC,1,W,7:00PM,9:50PM,Costelloe-,30,11,19,STSS,2020-05-26,2020-08-21,SUMMER 2020,15715,4963,01
TECHNOLOGY & SOCIETY,LEC,4,MR,10:30AM,12:35PM,Stanford,50,16,34,STSS,2020-05-26,2020-08-21,SUMMER 2020,15718,4964,01
SPEECH COMMUNICATION,LEC,4,MR,1:30PM,3:35PM,Gipson,19,14,5,WRIT,2020-05-26,2020-08-21,SUMMER 2020,15524,2340,01
SPEECH COMMUNICATION,,4,MR,4:00PM,6:05PM,Gipson,19,19,0,WRIT,2020-05-26,2020-08-21,SUMMER 2020,15546,2340,02
DIGITAL CONSTRUCTS I,LEC,2,F,10:00AM,11:50AM,Hower,20,0,20,ARCH,2020-05-26,2020-07-10,SUMMER 2020,15268,2520,01
ARCHITECTURAL DESIGN STUDIO 1,LEC,5,MTWR,2:00PM,5:50PM,Staff,20,0,20,ARCH,2020-05-26,2020-07-10,SUMMER 2020,15269,2800,01
SOUND RECORDING & PROD I,STU,4,MR,10:30AM,12:35PM,Rice,6,6,0,ARTS,2020-05-26,2020-07-10,SUMMER 2020,15669,2700,01
SOUND RECORDING & PROD I,LEC,4,TF,10:30AM,12:35PM,Rice,6,0,ARTS,ARTS,2020-05-26,2020-07-10,SUMMER 2020,15669,2700,01
SOUND RECORDING & PROD I,STU,4,MR,10:30AM,12:35PM,Rice,6,6,0,ARTS,2020-05-26,2020-07-10,SUMMER 2020,15670,2700,02
SOUND RECORDING & PROD I,LEC,4,TF,10:30AM,12:35PM,Rice,6,0,ARTS,ARTS,2020-05-26,2020-07-10,SUMMER 2020,15670,2700,02
INTRODUCTION TO BIOLOGY,LEC,3,TRF,10:30AM,12:35PM,Ramanath/Shablovsky,32,27,5,BIOL,2020-05-26,2020-07-10,SUMMER 2020,15232,1010,01
INTRODUCTION TO BIOLOGY LAB,LAB,1,TF,1:15PM,3:50PM,Ramanath/Shablovsky,32,27,5,BIOL,2020-05-26,2020-07-10,SUMMER 2020,15233,1015,01
BIOSTATISTICS,LEC,4,MTR,1:30PM,4:50PM,Lister,20,16,4,BIOL,2020-05-26,2020-07-10,SUMMER 2020,15340,4200,01
CHEMISTRY I,LEC,4,MTRF,10:30AM,12:35PM,Ma,20,8,12,CHEM,2020-05-26,2020-07-10,SUMMER 2020,15246,1100,01
CHEMISTRY I,LAB,4,MR,1:00PM,3:50PM,Tysoe/Morrissey,8,12,CHEM,CHEM,2020-05-26,2020-07-10,SUMMER 2020,15246,1100,01
ORGANIC CHEMISTRY LAB I,LEC,1,MR,2:00PM,4:50PM,Totsingan,20,4,16,CHEM,2020-05-26,2020-07-10,SUMMER 2020,15009,2230,01
ORGANIC CHEMISTRY I,LEC,3,MTRF,10:30AM,12:20PM,Aldersley,40,6,34,CHEM,2020-05-26,2020-07-10,SUMMER 2020,15010,2250,01
INTERACTIVE DATA VISUALIZATION,STU,4,MTR,4:00PM,6:50PM,Search,10,10,0,COMM,2020-05-26,2020-07-10,SUMMER 2020,15266,4880,01
INTERACTIVE DATA VISUALIZATION,STU,3,MTR,4:00PM,6:50PM,Search,4,0,4,COMM,2020-05-26,2020-07-10,SUMMER 2020,15267,6880,01
BEGINNING PROG FOR ENG,LEC,1,M,4:00PM,6:50PM,Liu,40,15,25,CSCI,2020-05-26,2020-07-10,SUMMER 2020,15532,1190,01
BEGINNING PROG FOR ENG,LEC,1,R,4:00PM,6:50PM,Liu,40,3,37,CSCI,2020-05-26,2020-07-10,SUMMER 2020,15541,1190,02
INTERMEDIATE MICROECON THEORY,LEC,4,,,,Jones,40,40,0,ECON,2020-05-26,2020-07-10,SUMMER 2020,15331,2010,01
INTERMEDIATE MACROECON THEORY,LEC,4,MTRF,1:30PM,3:35PM,Mahmoudi,50,12,38,ECON,2020-05-26,2020-07-10,SUMMER 2020,15682,2020,02
ENVIRONMENTAL ECONOMICS,STU,4,MTRF,10:30AM,12:35PM,Parrales,40,24,16,ECON,2020-05-26,2020-07-10,SUMMER 2020,15428,4230,01
INTRO TO ENGR ANALYSIS,LEC,4,MTRF,8:00AM,10:05AM,Abu-Hakmeh,50,3,47,ENGR,2020-05-26,2020-07-10,SUMMER 2020,14985,1100,01
ENG GRAPHICS & CAD,LEC,1,MTR,10:30AM,12:35PM,Morris,20,1,19,ENGR,2020-05-26,2020-07-10,SUMMER 2020,14861,1200,01
MATERIALS SCIENCE FOR ENGINEER,LEC,4,MTRF,10:30AM,12:35PM,Ramanath,60,13,47,ENGR,2020-05-26,2020-07-10,SUMMER 2020,15077,1600,01
THERMAL AND FLUIDS ENGR I,LEC,4,MTRF,10:30AM,12:35PM,Oehlschlae,50,27,23,ENGR,2020-05-26,2020-07-10,SUMMER 2020,14984,2250,01
PROFESSIONAL DEVEL III,LEC,1,MR,8:00AM,10:05AM,Schierenbe/Chichester,48,47,1,ENGR,2020-05-26,2020-07-10,SUMMER 2020,15051,4010,01
HISTORY AND CULTURE OF GAMES,LEC,4,MTRF,10:30AM,12:35PM,Lynch,19,16,3,GSAS,2020-05-26,2020-07-10,SUMMER 2020,15376,1600,01
FILMS EVRY GAME DSGNR SHLD SEE,LEC,4,MTRF,6:00PM,8:05PM,Lynch,19,19,0,GSAS,2020-05-26,2020-07-10,SUMMER 2020,15721,2963,01
PSYCHOLOGY AND GAMES,LEC,4,MTRF,10:30AM,12:35PM,Noble,30,3,27,GSAS,2020-05-26,2020-07-10,SUMMER 2020,15722,2964,01
INTRO - HISTORICAL SIMULATIONS,LEC,4,TF,10:30AM,12:35PM,Suckling,19,11,8,GSAS,2020-05-26,2020-07-10,SUMMER 2020,15514,4961,01
INTRO - HISTORICAL SIMULATIONS,LEC,4,TF,1:30PM,3:35PM,Suckling,11,8,GSAS,GSAS,2020-05-26,2020-07-10,SUMMER 2020,15514,4961,01
CONVERSATIONAL AI,LEC,4,MTWR,1:30PM,3:35PM,Si,19,2,17,GSAS,2020-05-26,2020-07-10,SUMMER 2020,15723,4962,01
CHINESE I,LEC,4,MTRF,8:00AM,10:05AM,Yue,19,5,14,LANG,2020-05-26,2020-07-10,SUMMER 2020,15344,1410,01
CHINESE CULTURE & LANG IN FILM,LEC,4,MTRF,1:30PM,3:35PM,Yue,19,5,14,LANG,2020-05-26,2020-07-10,SUMMER 2020,15460,4961,01
FORMS OF FICTION,LEC,4,MTRF,1:30PM,3:35PM,Anicca,19,4,15,LITR,2020-05-26,2020-07-10,SUMMER 2020,15726,2960,01
WOMEN'S LITERATURE,LEC,4,MTRF,10:30AM,12:35PM,Anicca,19,1,18,LITR,2020-05-26,2020-07-10,SUMMER 2020,15727,2961,01
PROPULSION SYSTEMS,LEC,3,MTRF,1:30PM,3:20PM,Oehlschlae,40,12,28,MANE,2020-05-26,2020-07-10,SUMMER 2020,15485,4080,02
MULTIVAR CALC & MATRIX ALGEBRA,LEC,4,MTRF,1:30PM,3:35PM,Mitchell,60,25,35,MATH,2020-05-26,2020-07-10,SUMMER 2020,15078,2010,01
GRAPH THEORY,,4,,,,Staff,0,0,0,MATH,2020-05-26,2020-07-10,SUMMER 2020,15437,4150,01
NEGOTIATIONS,LEC,4,MW,2:00PM,5:20PM,Golden,15,1,14,MGMT,2020-05-26,2020-07-10,SUMMER 2020,15714,4960,01
BUSINESS IMPL. OF EMERG. TECH,LEC,3,MW,10:00AM,1:20PM,Freeman,20,7,13,MGMT,2020-05-26,2020-07-10,SUMMER 2020,15379,6060,01
NEGOTIATION,LEC,3,MW,2:00PM,5:20PM,Golden,15,2,13,MGMT,2020-05-26,2020-07-10,SUMMER 2020,15674,6690,01
DISSERTATION,LEC,1-15,,,,Gall,1,0,1,MTLE,2020-05-26,2020-07-10,SUMMER 2020,15083,9990,05
CRITICAL THINKING,LEC,4,MTRF,10:30AM,12:35PM,Van Heuvel,12,12,0,PHIL,2020-05-26,2020-07-10,SUMMER 2020,15013,2100,01
INTRODUCTION TO LOGIC,LEC,4,MTRF,8:00AM,10:05AM,Van Heuvel,50,34,16,PHIL,2020-05-26,2020-07-10,SUMMER 2020,14901,2140,01
BIOETHICS,LEC,4,MTRF,10:30AM,12:35PM,Smith,35,7,28,PHIL,2020-05-26,2020-07-10,SUMMER 2020,15711,4500,01
PHYSICS I,LEC,4,MTRF,2:00PM,3:50PM,Kim,40,5,35,PHYS,2020-05-26,2020-07-10,SUMMER 2020,15079,1100,01
COMPUTING FOR PHYSICISTS,LEC,2,TF,1:30PM,3:35PM,West,40,33,7,PHYS,2020-05-26,2020-07-10,SUMMER 2020,15443,2962,01
CRITICAL THINKING,LEC,4,MTRF,10:30AM,12:35PM,Van Heuvel,13,9,4,PSYC,2020-05-26,2020-07-10,SUMMER 2020,15014,2100,01
PSYCHOLOGY OF MINDFULNESS,LEC,4,MTRF,8:00AM,10:05AM,Traver,19,19,0,PSYC,2020-05-26,2020-07-10,SUMMER 2020,15668,4430,01
POSITIVE PSYCHOLOGY,LEC,4,MTRF,10:30AM,12:35PM,Traver,120,32,88,PSYC,2020-05-26,2020-07-10,SUMMER 2020,15330,4730,01
BIOETHICS,LEC,4,MTRF,10:30AM,12:35PM,Smith,35,14,21,STSH,2020-05-26,2020-07-10,SUMMER 2020,15712,4250,01
PD2 TECH ISSUES & SOLUTIONS,LEC,2,MR,8:00AM,10:05AM,Hoffman,33,30,3,STSS,2020-05-26,2020-07-10,SUMMER 2020,15702,4100,01
PD2 TECH ISSUES & SOLUTIONS,LEC,2,MR,10:30AM,12:35PM,Hoffman,33,26,7,STSS,2020-05-26,2020-07-10,SUMMER 2020,15703,4100,02
PD2 TECH ISSUES & SOLUTIONS,LEC,2,MR,1:30PM,3:35PM,Hoffman,30,20,10,STSS,2020-05-26,2020-07-10,SUMMER 2020,15766,4100,05
CREATIVE WRITING STUDIO,LEC,4,MTR,10:30AM,12:35PM,Dentz,19,9,10,WRIT,2020-05-26,2020-07-10,SUMMER 2020,15481,2960,01
DIGITAL CONSTRUCTS 2,LEC,2,F,10:00AM,11:50AM,Hower,20,1,19,ARCH,2020-07-13,2020-08-21,SUMMER 2020,15272,2530,01
ARCHITECTURAL DESIGN STUDIO 2,LEC,5,MTWR,2:00PM,5:50PM,Staff,20,0,20,ARCH,2020-07-13,2020-08-21,SUMMER 2020,15270,2810,01
FUNDAMENTALS OF MUSIC & SOUND,LEC,4,MTRF,10:30AM,12:35PM,Chamberlai,19,12,7,ARTS,2020-07-13,2020-08-21,SUMMER 2020,15710,1380,01
"MUSIC, AFFECT & EMBOD LISTEN",LEC,4,MTRF,1:30PM,3:35PM,Chamberlai,19,0,19,ARTS,2020-07-13,2020-08-21,SUMMER 2020,15694,2968,01
"ART, COMMUNITY AND TECHNOLOGY",STU,4,MTRF,1:30PM,3:35PM,Miller,19,3,16,ARTS,2020-07-13,2020-08-21,SUMMER 2020,15467,4080,01
"ART, COMMUNITY AND TECHNOLOGY",STU,4,MTRF,1:30PM,3:35PM,Miller,19,0,19,ARTS,2020-07-13,2020-08-21,SUMMER 2020,15468,6250,01
ASTROPHYSICS,LEC,4,MTRF,11:45AM,1:50PM,Ciolek,30,1,29,ASTR,2020-07-13,2020-08-21,SUMMER 2020,15474,4220,01
HEALTH ANLYTCS CHALLENGES LAB,LAB,4,MTR,1:30PM,4:50PM,Bennett,10,3,7,BIOL,2020-07-13,2020-08-21,SUMMER 2020,15528,4960,01
CHEMISTRY II,LEC,4,MTRF,10:30AM,12:35PM,Tysoe,20,0,20,CHEM,2020-07-13,2020-08-21,SUMMER 2020,15369,1200,01
CHEMISTRY II,LAB,4,MR,1:00PM,3:50PM,Tysoe/Morrissey,0,20,CHEM,CHEM,2020-07-13,2020-08-21,SUMMER 2020,15369,1200,01
ORGANIC CHEMISTRY LAB II,LEC,1,MR,2:00PM,4:50PM,Totsingan,20,9,11,CHEM,2020-07-13,2020-08-21,SUMMER 2020,15012,2240,01
ORGANIC CHEMISTRY II,LEC,3,MTRF,10:30AM,12:20PM,Aldersley,40,6,34,CHEM,2020-07-13,2020-08-21,SUMMER 2020,15011,2260,01
INTRO TO COGNITIVE SCIENCE,LEC,4,MTRF,10:30AM,12:35PM,Weissman,25,11,14,COGS,2020-07-13,2020-08-21,SUMMER 2020,15689,2120,01
DOCUMENTARY FILM,LEC,4,MTRF,1:30PM,3:35PM,Gordon,19,9,10,COMM,2020-07-13,2020-08-21,SUMMER 2020,15709,2440,01
COMMUNICATION THEORY & PRAC.,LEC,4,MTRF,4:00PM,6:05PM,Ran,19,19,0,COMM,2020-07-13,2020-08-21,SUMMER 2020,15475,2520,01
SUPERHEROES IN THE CLASSROOM,LEC,4,MTRF,10:30AM,12:35PM,Jeansonne,19,13,6,COMM,2020-07-13,2020-08-21,SUMMER 2020,15728,2961,01
CHINESE SOC MEDIA & POP CULT,LEC,4,MTRF,10:30AM,12:35PM,Zhou,19,6,13,COMM,2020-07-13,2020-08-21,SUMMER 2020,15729,4960,01
SOCIAL MEDIA & STRATEGIC COMM,LEC,4,MTRF,1:30PM,3:35PM,Ran,19,8,11,COMM,2020-07-13,2020-08-21,SUMMER 2020,15730,4962,01
INTERNAT ECO AND GLOBALIZATION,LEC,4,MTRF,1:30PM,3:35PM,Mahmoudi,40,17,23,ECON,2020-07-13,2020-08-21,SUMMER 2020,15731,4190,01
ENVIRONMENTAL ECONOMICS,STU,4,MTRF,8:00AM,10:05AM,Parrales,40,38,2,ECON,2020-07-13,2020-08-21,SUMMER 2020,15515,4230,02
ECONOMETRICS,LEC,4,MTRF,10:30AM,12:35PM,Peng,40,12,28,ECON,2020-07-13,2020-08-21,SUMMER 2020,15518,4570,01
PROFESSIONAL PROJECT,LEC,3,,,,Wen,1,0,1,ECSE,2020-07-13,2020-08-21,SUMMER 2020,15166,6970,01
MASTERS PROFESSIONAL PROJECT,LEC,3,,,,Wen,1,0,1,ECSE,2020-07-13,2020-08-21,SUMMER 2020,15167,6970,05
MASTER'S PROJECT,LEC,1-16,,,,Salon,10,0,10,ECSE,2020-07-13,2020-08-21,SUMMER 2020,15227,6980,02
MASTERS THESIS,LEC,1-12,,,,Radke,5,0,5,ECSE,2020-07-13,2020-08-21,SUMMER 2020,15131,6990,03
ENGR PROCESSES,LAB,1,TR,1:00PM,4:20PM,Szczesniak,28,3,25,ENGR,2020-07-13,2020-08-21,SUMMER 2020,15018,1300,01
THERMAL AND FLUIDS ENGR I,LEC,4,MTRF,8:00AM,10:05AM,Staff,50,20,30,ENGR,2020-07-13,2020-08-21,SUMMER 2020,15306,2250,02
PROFESSIONAL DEVEL III,LEC,1,MR,1:30PM,3:35PM,Schierenbe,48,48,0,ENGR,2020-07-13,2020-08-21,SUMMER 2020,15417,4010,02
IMMERSIVE CHINESE W/ AI,LEC,4,MTRF,1:30PM,3:35PM,Zhou,19,2,17,LANG,2020-07-13,2020-08-21,SUMMER 2020,15459,4960,01
MASTER'S THESIS,LEC,1-12,,,,Figueiro,5,0,5,LGHT,2020-07-13,2020-08-21,SUMMER 2020,15090,6990,01
DATA ANALYTICS RESEARCH,LEC,4,MTR,1:30PM,4:50PM,Bennett,30,2,28,MATP,2020-07-13,2020-08-21,SUMMER 2020,15751,4910,01
ENTERPRISE IT INTEGRATION,LEC,4,MR,5:00PM,8:20PM,Demertzogl,15,2,13,MGMT,2020-07-13,2020-08-21,SUMMER 2020,15675,4130,01
ENTERPRISE IT INTEGRATION,LEC,3,MR,5:00PM,8:20PM,Demertzogl,15,2,13,MGMT,2020-07-13,2020-08-21,SUMMER 2020,15676,6090,01
"STRATEGY, TECH & COMPETITION I",LEC,3,MW,1:00PM,4:20PM,Kumar,20,4,16,MGMT,2020-07-13,2020-08-21,SUMMER 2020,15380,7030,02
PHILOSOPHY OF SCIENCE,LEC,4,MTR,10:30AM,1:20PM,Milanese,25,13,12,PHIL,2020-07-13,2020-08-21,SUMMER 2020,15516,4130,01
PHILOSOPHY OF SCIENCE,LEC,4,MTR,1:30PM,4:20PM,Milanese,25,10,15,PHIL,2020-07-13,2020-08-21,SUMMER 2020,15517,4130,02
PHYSICS II,LEC,4,MTRF,2:00PM,3:50PM,Kim,48,20,28,PHYS,2020-07-13,2020-08-21,SUMMER 2020,15080,1200,01
MATHEMATICAL PHYS FOR PHYSICIS,LEC,2,TF,1:30PM,3:35PM,Georg,40,29,11,PHYS,2020-07-13,2020-08-21,SUMMER 2020,15444,2963,01
ASTROPHYSICS,LEC,4,MTRF,11:45AM,1:50PM,Ciolek,30,2,28,PHYS,2020-07-13,2020-08-21,SUMMER 2020,15282,4960,01
INTRO TO COGNITIVE SCIENCE,LEC,4,MTRF,10:30AM,12:35PM,Weissman,25,13,12,PSYC,2020-07-13,2020-08-21,SUMMER 2020,15690,2120,01
RESEARCH METHODS & STATS I,STU,4,,,,Kalsher,19,19,0,PSYC,2020-07-13,2020-08-21,SUMMER 2020,15479,2310,01
APPLIED BEHAVIOR ANALYSIS,LEC,4,MTRF,8:00AM,10:05AM,Kalsher,29,10,19,PSYC,2020-07-13,2020-08-21,SUMMER 2020,15733,4962,01
PD2 TECH ISSUES & SOLUTIONS,LEC,2,MR,10:30AM,12:35PM,Hirsa,33,32,1,STSS,2020-07-13,2020-08-21,SUMMER 2020,15704,4100,03
PD2 TECH ISSUES & SOLUTIONS,LEC,2,MR,1:30PM,3:35PM,Hirsa,33,33,0,STSS,2020-07-13,2020-08-21,SUMMER 2020,15706,4100,04
PD2 TECH ISSUES & SOLUTIONS,LEC,2,TF,1:30PM,3:35PM,Hirsa,30,23,7,STSS,2020-07-13,2020-08-21,SUMMER 2020,15767,4100,06
