course_name,course_type,course_credit_hours,course_days_of_the_week,course_start_time,course_end_time,course_instructor,course_location,course_max_enroll,course_enrolled,course_remained,course_department,course_start_date,course_end_date,semester,course_crn,course_level,course_section,short_name,full_name,description,raw_precoreqs,offer_frequency,prerequisites,corequisites,school
ARCH EXP & PLAN ENGINEERING,SEM,0,,,,Bruce,,500,0,500,ADMN,2022-05-23,2022-08-19,SUMMER 2022,17560,1030,01,ADMN-1030,,,,,,,Other
ARCH EXP & PLAN HUMANITIES,SEM,0,,,,Bruce,,500,0,500,ADMN,2022-05-23,2022-08-19,SUMMER 2022,17561,1030,02,ADMN-1030,,,,,,,Other
ARCH EXP & PLAN ITWS/UNDECIDED,SEM,0,,,,Bruce,,500,0,500,ADMN,2022-05-23,2022-08-19,SUMMER 2022,17562,1030,03,ADMN-1030,,,,,,,Other
ARCH EXP & PLAN MANAGEMENT,SEM,0,,,,Bruce,,500,0,500,ADMN,2022-05-23,2022-08-19,SUMMER 2022,17563,1030,04,ADMN-1030,,,,,,,Other
ARCH EXP & PLAN SCIENCE,SEM,0,,,,Bruce,,500,0,500,ADMN,2022-05-23,2022-08-19,SUMMER 2022,17564,1030,05,ADMN-1030,,,,,,,Other
STUDENT SUCCESS LABS,LEC,0,W,1:00PM,1:50PM,Trzepacz,,120,0,120,ADMN,2022-05-23,2022-08-19,SUMMER 2022,17355,1824,01,ADMN-1824,,,,,,,Other
SUMMER ADMINIST REGISTRATION,LEC,0,,,,Grega,,700,0,700,ADMN,2022-05-23,2022-08-19,SUMMER 2022,16865,6600,01,ADMN-6600,,,,,,,Other
TA TRAINING SEMINAR,LEC,0,,,,Mullet/Dunn,,500,0,500,ADMN,2022-05-23,2022-08-19,SUMMER 2022,17582,6800,01,ADMN-6800,,,,,,,Other
ARCHITECTURAL DESIGN STUDIO 5,LEC,5,MWR,2:00PM,5:50PM,Crembil,,15,0,15,ARCH,2022-05-23,2022-08-19,SUMMER 2022,17322,4770,01,ARCH-4770,Architectural Design Studio 5,,,,[],[],Architecture
ARCHITECTURAL DESIGN STUDIO 5,LEC,5,MWR,2:00PM,5:50PM,Hower,,15,0,15,ARCH,2022-05-23,2022-08-19,SUMMER 2022,17552,4770,02,ARCH-4770,Architectural Design Studio 5,,,,[],[],Architecture
ARCHITECTURAL DESIGN STUDIO 5,LEC,5,MWR,2:00PM,5:50PM,Lopez,,15,0,15,ARCH,2022-05-23,2022-08-19,SUMMER 2022,17584,4770,03,ARCH-4770,Architectural Design Studio 5,,,,[],[],Architecture
ARCHITECTURAL DESIGN STUDIO 5,,5,MWR,2:00PM,5:50PM,Staff,,75,0,75,ARCH,2022-05-23,2022-08-19,SUMMER 2022,17786,4770,04,ARCH-4770,Architectural Design Studio 5,,,,[],[],Architecture
ARCHITECTURAL DESIGN STUDIO 6,LEC,5,MWR,2:00PM,5:50PM,Hower,,15,0,15,ARCH,2022-05-23,2022-08-19,SUMMER 2022,17554,4780,01,ARCH-4780,Architectural Design Studio 6,,,,[],[],Architecture
ARCHITECTURAL DESIGN STUDIO 6,LEC,5,MWR,2:00PM,5:50PM,Lopez,,15,0,15,ARCH,2022-05-23,2022-08-19,SUMMER 2022,17555,4780,02,ARCH-4780,Architectural Design Studio 6,,,,[],[],Architecture
ARCHITECTURAL DESIGN STUDIO 6,LEC,5,MWR,2:00PM,5:50PM,Crembil,,15,0,15,ARCH,2022-05-23,2022-08-19,SUMMER 2022,17585,4780,03,ARCH-4780,Architectural Design Studio 6,,,,[],[],Architecture
MASTER'S THESIS,LEC,1-12,,,,Xiang,,10,0,10,ARCH,2022-05-23,2022-08-19,SUMMER 2022,17677,6990,01,ARCH-6990,Master's Thesis,,,,[],[],Architecture
ARCHITECTURE DISSERTATION,LEC,1-15,,,,Tsamis,,10,0,10,ARCH,2022-05-23,2022-08-19,SUMMER 2022,17678,9990,01,ARCH-9990,Dissertation,,,,[],[],Architecture
POPULAR MUSIC & SOCIETY,LEC,4,MR,8:00AM,10:05AM,Galloway,,19,0,19,ARTS,2022-05-23,2022-08-19,SUMMER 2022,17770,2550,01,ARTS-2550,Popular Music and Society,,,,[],[],"Humanities, Arts and Social Sciences"
SOUND RECORDING & PROD I,,4,MTRF,10:30AM,12:35PM,Rice,,12,0,12,ARTS,2022-05-23,2022-08-19,SUMMER 2022,17747,2700,01,ARTS-2700,Sound Recording and Production I,,,,[],[],"Humanities, Arts and Social Sciences"
PRIVATE MUSIC LESSONS: VIOLIN,,1,,,,Morey/Fisher-Loc,,10,0,10,ARTS,2022-05-23,2022-08-19,SUMMER 2022,17529,2750,01,ARTS-2750,Private Music Lessons,,,,[],[],"Humanities, Arts and Social Sciences"
PRIVATE MUSIC LESSONS: VIOLA,,1,,,,Morey/Fisher-Loc,,10,0,10,ARTS,2022-05-23,2022-08-19,SUMMER 2022,17530,2750,02,ARTS-2750,Private Music Lessons,,,,[],[],"Humanities, Arts and Social Sciences"
PRIVATE MUSIC LESSONS: FLUTE,,1,,,,Gerbino/Fisher-Loc,,6,0,6,ARTS,2022-05-23,2022-08-19,SUMMER 2022,17531,2750,03,ARTS-2750,Private Music Lessons,,,,[],[],"Humanities, Arts and Social Sciences"
PRIVATE MUSIC LESSONS: OBOE,,1,,,,Gerbino/Fisher-Loc,,6,0,6,ARTS,2022-05-23,2022-08-19,SUMMER 2022,17532,2750,04,ARTS-2750,Private Music Lessons,,,,[],[],"Humanities, Arts and Social Sciences"
PRIVATE MUSIC LESSONS:CLARINET,,1,,,,Gerbino/Fisher-Loc,,6,0,6,ARTS,2022-05-23,2022-08-19,SUMMER 2022,17533,2750,05,ARTS-2750,Private Music Lessons,,,,[],[],"Humanities, Arts and Social Sciences"
PRIVATE MUSIC LESSONS: SAX,,1,,,,Gerbino/Fisher-Loc,,6,0,6,ARTS,2022-05-23,2022-08-19,SUMMER 2022,17534,2750,06,ARTS-2750,Private Music Lessons,,,,[],[],"Humanities, Arts and Social Sciences"
PRIVATE MUSIC LESSONS: VOICE,,1,,,,Harrigan/Fisher-Loc,,12,0,12,ARTS,2022-05-23,2022-08-19,SUMMER 2022,17537,2750,07,ARTS-2750,Private Music Lessons,,,,[],[],"Humanities, Arts and Social Sciences"
PRIVATE MUSIC LESSONS: GUITAR,,1,,,,Quigley/Fisher-Loc,,20,0,20,ARTS,2022-05-23,2022-08-19,SUMMER 2022,17655,2750,08,ARTS-2750,Private Music Lessons,,,,[],[],"Humanities, Arts and Social Sciences"
"MUSIC, SOUND, & SCREEN MEDIA",LEC,4,TF,8:00AM,10:05AM,Galloway,,19,0,19,ARTS,2022-05-23,2022-08-19,SUMMER 2022,17768,4960,01,ARTS-4960,Topics in the Arts,,,,[],[],"Humanities, Arts and Social Sciences"
COSMOLOGY: OUR UNIVERSE,LEC,4,MR,8:00AM,10:05AM,Georg,,20,0,20,ASTR,2022-05-23,2022-08-19,SUMMER 2022,17636,2960,01,ASTR-2960,,,,,,,Science
TOPICS IN ASTR,LEC,4,MR,8:00AM,10:05AM,Georg,,20,0,20,ASTR,2022-05-23,2022-08-19,SUMMER 2022,17796,2960,02,ASTR-2960,,,,,,,Science
MOLECULAR BIOCHEMISTRY I,LEC,4,MR,10:30AM,12:35PM,Fraser,,50,0,50,BCBP,2022-05-23,2022-08-19,SUMMER 2022,17263,4760,01,BCBP-4760,Molecular Biochemistry I,,,,[],[],Science
MASTER'S THESIS,LEC,1-9,,,,Wang,,10,0,10,BCBP,2022-05-23,2022-08-19,SUMMER 2022,17118,6990,01,BCBP-6990,Master's Thesis,,,,[],[],Science
DISSERTATION,LEC,1-15,,,,Bystroff,,10,0,10,BCBP,2022-05-23,2022-08-19,SUMMER 2022,17119,9990,01,BCBP-9990,Dissertation,,,,[],[],Science
DISSERTATION,LEC,1-15,,,,Swank,,0,0,0,BCBP,2022-05-23,2022-08-19,SUMMER 2022,17120,9990,02,BCBP-9990,Dissertation,,,,[],[],Science
DISSERTATION,LEC,1-15,,,,Linhardt,,10,0,10,BCBP,2022-05-23,2022-08-19,SUMMER 2022,17121,9990,03,BCBP-9990,Dissertation,,,,[],[],Science
DISSERTATION,LEC,1-15,,,,Wang,,10,0,10,BCBP,2022-05-23,2022-08-19,SUMMER 2022,17122,9990,04,BCBP-9990,Dissertation,,,,[],[],Science
BIOSTATISTICS,LEC,4,TF,10:30AM,12:35PM,Stetler,,25,0,25,BIOL,2022-05-23,2022-08-19,SUMMER 2022,17265,4200,01,BIOL-4200,Biostatistics,,,,[],[],Science
MOLECULAR BIOLOGY LAB,LAB,6,T,1:00PM,6:00PM,Rutledge,,8,0,8,BIOL,2022-05-23,2022-08-19,SUMMER 2022,17598,4720,01,BIOL-4720,Molecular Biology Laboratory,,,,[],[],Science
MOLECULAR BIOLOGY LAB,REC,6,F,1:00PM,2:50PM,Rutledge,,8,0,8,BIOL,2022-05-23,2022-08-19,SUMMER 2022,17598,4720,01,BIOL-4720,Molecular Biology Laboratory,,,,[],[],Science
MOLECULAR BIOLOGY LAB,LAB,6,R,1:00PM,6:00PM,Rutledge,,8,0,8,BIOL,2022-05-23,2022-08-19,SUMMER 2022,17599,4720,02,BIOL-4720,Molecular Biology Laboratory,,,,[],[],Science
MOLECULAR BIOLOGY LAB,REC,6,F,1:00PM,2:50PM,Rutledge,,8,0,8,BIOL,2022-05-23,2022-08-19,SUMMER 2022,17599,4720,02,BIOL-4720,Molecular Biology Laboratory,,,,[],[],Science
ADVANCED CELL BIOLOGY LAB,LAB,6,MR,1:00PM,4:00PM,Klein,,8,0,8,BIOL,2022-05-23,2022-08-19,SUMMER 2022,17668,4740,01,BIOL-4740,Advanced Cell Biology Laboratory,,,,[],[],Science
ADVANCED CELL BIOLOGY LAB,REC,6,M,4:10PM,5:00PM,Klein,,8,0,8,BIOL,2022-05-23,2022-08-19,SUMMER 2022,17668,4740,01,BIOL-4740,Advanced Cell Biology Laboratory,,,,[],[],Science
MOLECULAR BIOCHEMISTRY I,LEC,4,MR,10:30AM,12:35PM,Fraser,,50,0,50,BIOL,2022-05-23,2022-08-19,SUMMER 2022,17262,4760,01,BIOL-4760,Molecular Biochemistry I,,,,[],[],Science
MASTER'S THESIS,LEC,1-9,,,,Barquera,,10,0,10,BIOL,2022-05-23,2022-08-19,SUMMER 2022,16866,6990,01,BIOL-6990,Master's Thesis,,,,[],[],Science
MASTER'S THESIS,LEC,1-9,,,,Nierzwicki,,10,0,10,BIOL,2022-05-23,2022-08-19,SUMMER 2022,16867,6990,02,BIOL-6990,Master's Thesis,,,,[],[],Science
MASTER'S THESIS,LEC,1-9,,,,Ligon,,10,0,10,BIOL,2022-05-23,2022-08-19,SUMMER 2022,17123,6990,04,BIOL-6990,Master's Thesis,,,,[],[],Science
MASTER'S THESIS,LEC,1-9,,,,Bystroff,,10,0,10,BIOL,2022-05-23,2022-08-19,SUMMER 2022,17124,6990,05,BIOL-6990,Master's Thesis,,,,[],[],Science
MASTER'S THESIS,LEC,1-9,,,,Staff,,10,0,10,BIOL,2022-05-23,2022-08-19,SUMMER 2022,17125,6990,07,BIOL-6990,Master's Thesis,,,,[],[],Science
MASTER'S THESIS,LEC,1-9,,,,Staff,,10,0,10,BIOL,2022-05-23,2022-08-19,SUMMER 2022,16869,6990,09,BIOL-6990,Master's Thesis,,,,[],[],Science
MASTER'S THESIS,LEC,1-9,,,,Gilbert,,10,0,10,BIOL,2022-05-23,2022-08-19,SUMMER 2022,17126,6990,10,BIOL-6990,Master's Thesis,,,,[],[],Science
MASTER'S THESIS,LEC,1-9,,,,Linhardt,,10,0,10,BIOL,2022-05-23,2022-08-19,SUMMER 2022,17127,6990,11,BIOL-6990,Master's Thesis,,,,[],[],Science
MASTER'S THESIS,LEC,1-9,,,,Rutledge,,10,0,10,BIOL,2022-05-23,2022-08-19,SUMMER 2022,17128,6990,12,BIOL-6990,Master's Thesis,,,,[],[],Science
MASTER'S THESIS,LEC,1-9,,,,Swank,,10,0,10,BIOL,2022-05-23,2022-08-19,SUMMER 2022,17129,6990,13,BIOL-6990,Master's Thesis,,,,[],[],Science
MASTER'S THESIS,LEC,1-9,,,,Wang,,10,0,10,BIOL,2022-05-23,2022-08-19,SUMMER 2022,17130,6990,14,BIOL-6990,Master's Thesis,,,,[],[],Science
DISSERTATION,LEC,1-20,,,,Nierzwicki,,10,0,10,BIOL,2022-05-23,2022-08-19,SUMMER 2022,16870,9990,02,BIOL-9990,Dissertation,,,,[],[],Science
DISSERTATION,LEC,1-20,,,,Rose,,10,0,10,BIOL,2022-05-23,2022-08-19,SUMMER 2022,16871,9990,03,BIOL-9990,Dissertation,,,,[],[],Science
DISSERTATION,LEC,1-20,,,,Ligon,,10,0,10,BIOL,2022-05-23,2022-08-19,SUMMER 2022,17049,9990,04,BIOL-9990,Dissertation,,,,[],[],Science
DISSERTATION,LEC,1-20,,,,Dordick,,10,0,10,BIOL,2022-05-23,2022-08-19,SUMMER 2022,17131,9990,05,BIOL-9990,Dissertation,,,,[],[],Science
DISSERTATION,LEC,1-20,,,,Bystroff,,10,0,10,BIOL,2022-05-23,2022-08-19,SUMMER 2022,16872,9990,06,BIOL-9990,Dissertation,,,,[],[],Science
DISSERTATION,LEC,1-20,,,,Gilbert,,10,0,10,BIOL,2022-05-23,2022-08-19,SUMMER 2022,16980,9990,10,BIOL-9990,Dissertation,,,,[],[],Science
DISSERTATION,LEC,1-20,,,,Linhardt,,10,0,10,BIOL,2022-05-23,2022-08-19,SUMMER 2022,17132,9990,11,BIOL-9990,Dissertation,,,,[],[],Science
DISSERTATION,LEC,1-20,,,,Makhatadze,,10,0,10,BIOL,2022-05-23,2022-08-19,SUMMER 2022,17133,9990,12,BIOL-9990,Dissertation,,,,[],[],Science
DISSERTATION,LEC,1-20,,,,Swank,,10,0,10,BIOL,2022-05-23,2022-08-19,SUMMER 2022,17134,9990,13,BIOL-9990,Dissertation,,,,[],[],Science
DISSERTATION,LEC,1-20,,,,Wang,,10,0,10,BIOL,2022-05-23,2022-08-19,SUMMER 2022,17135,9990,14,BIOL-9990,Dissertation,,,,[],[],Science
PROGRAMMING FOR BIOMED ENGR,LEC,3,MR,10:30AM,12:35PM,Kruger,,12,0,12,BMED,2022-05-23,2022-08-19,SUMMER 2022,17781,2050,01,BMED-2050,Programming for BME,,,,[],[],Engineering
BIOMATERIALS SCI & ENGINEERING,LEC,4,TF,10:30AM,12:35PM,Hahn,,29,0,29,BMED,2022-05-23,2022-08-19,SUMMER 2022,17782,2100,01,BMED-2100,Biomaterials Science and Engineering,,,,[],[],Engineering
BIOMEDICAL ENGINEERING LAB,LEC,4,W,9:00AM,11:00AM,Agarwal,,12,0,12,BMED,2022-05-23,2022-08-19,SUMMER 2022,17231,4010,01,BMED-4010,Biomedical Engineering Laboratory,,,,[],[],Engineering
BIOMEDICAL ENGINEERING LAB,LAB,4,T,1:30PM,4:30PM,Agarwal,,12,0,12,BMED,2022-05-23,2022-08-19,SUMMER 2022,17231,4010,01,BMED-4010,Biomedical Engineering Laboratory,,,,[],[],Engineering
BIOMEDICAL ENGINEERING LAB,LEC,4,W,9:00AM,11:00AM,Agarwal,,12,0,12,BMED,2022-05-23,2022-08-19,SUMMER 2022,17261,4010,02,BMED-4010,Biomedical Engineering Laboratory,,,,[],[],Engineering
BIOMEDICAL ENGINEERING LAB,LAB,4,R,1:30PM,4:30PM,Agarwal,,12,0,12,BMED,2022-05-23,2022-08-19,SUMMER 2022,17261,4010,02,BMED-4010,Biomedical Engineering Laboratory,,,,[],[],Engineering
BIOMEDICAL ENGINEERING LAB,LAB,4,R,1:30PM,4:30PM,Agarwal,,0,0,0,BMED,2022-05-23,2022-08-19,SUMMER 2022,17375,4010,03,BMED-4010,Biomedical Engineering Laboratory,,,,[],[],Engineering
BIOMEDICAL ENGINEERING LAB,LEC,4,W,9:00AM,11:00AM,Agarwal,,0,0,0,BMED,2022-05-23,2022-08-19,SUMMER 2022,17375,4010,03,BMED-4010,Biomedical Engineering Laboratory,,,,[],[],Engineering
MODELING OF BIOMEDICAL SYSTEMS,LEC,4,TF,1:30PM,3:35PM,Hahn,,29,0,29,BMED,2022-05-23,2022-08-19,SUMMER 2022,17207,4200,01,BMED-4200,Modeling of Biomedical Systems,,,,[],[],Engineering
MODELING OF BIOMEDICAL SYSTEMS,LEC,4,MR,1:30PM,3:35PM,Mohamed,,29,0,29,BMED,2022-05-23,2022-08-19,SUMMER 2022,17338,4200,02,BMED-4200,Modeling of Biomedical Systems,,,,[],[],Engineering
BIOMED TRANSPORT PHENOMENA,LEC,4,MR,10:30AM,12:35PM,Mohamed,,29,0,29,BMED,2022-05-23,2022-08-19,SUMMER 2022,17671,4250,01,BMED-4250,Biomedical Transport Phenomena,,,,[],[],Engineering
EXPERIMENTAL CHEMISTRY II,LEC,3,TF,3:05PM,6:55PM,Kirova-Sno/Totsingan,,4,0,4,CHEM,2022-05-23,2022-08-19,SUMMER 2022,17670,2290,01,CHEM-2290,Experimental Chemistry II: Synthesis and Characterization,,,,[],[],Science
INORGANIC CHEMISTRY II,LEC,3,TF,12:45PM,2:50PM,Bonitatibu,,10,0,10,CHEM,2022-05-23,2022-08-19,SUMMER 2022,17335,4010,01,CHEM-4010,Inorganic Chemistry II,,,,[],[],Science
MACROSCOPIC PHYSICAL CHEMISTRY,LEC,3,MR,8:30AM,10:05AM,Korenowski,,40,0,40,CHEM,2022-05-23,2022-08-19,SUMMER 2022,17334,4410,01,CHEM-4410,Macroscopic Physical Chemistry,,,,[],[],Science
PHYSICAL CHEM FOR LIFE SCIENCE,LEC,4,MR,8:30AM,10:05AM,Colon/Korenowski,,40,0,40,CHEM,2022-05-23,2022-08-19,SUMMER 2022,17333,4440,01,CHEM-4440,Physical Chemistry for Life Sciences,,,,[],[],Science
MODERN TECHNIQUES IN CHEMISTRY,LEC,4,MR,8:00AM,9:35AM,Sprague,,16,0,16,CHEM,2022-05-23,2022-08-19,SUMMER 2022,17240,4530,01,CHEM-4530,Modern Techniques in Chemistry,,,,[],[],Science
MODERN TECHNIQUES IN CHEMISTRY,LAB,4,MWR,12:00PM,2:50PM,Sprague,,16,0,16,CHEM,2022-05-23,2022-08-19,SUMMER 2022,17240,4530,01,CHEM-4530,Modern Techniques in Chemistry,,,,[],[],Science
MODERN TECHNIQUES IN CHEMISTRY,LEC,4,MR,8:00AM,9:35AM,Sprague,,16,0,16,CHEM,2022-05-23,2022-08-19,SUMMER 2022,17363,4530,02,CHEM-4530,Modern Techniques in Chemistry,,,,[],[],Science
MODERN TECHNIQUES IN CHEMISTRY,LAB,4,MWR,3:00PM,5:50PM,Sprague,,16,0,16,CHEM,2022-05-23,2022-08-19,SUMMER 2022,17363,4530,02,CHEM-4530,Modern Techniques in Chemistry,,,,[],[],Science
MOLECULAR BIOCHEMISTRY I,LEC,4,MR,10:30AM,12:35PM,Fraser,,50,0,50,CHEM,2022-05-23,2022-08-19,SUMMER 2022,17264,4760,01,CHEM-4760,Molecular Biochemistry I,,,,[],[],Science
TRANSPORT PHENOMENA I,LEC,4,TF,8:00AM,10:05AM,Baysal,,60,0,60,CHME,2022-05-23,2022-08-19,SUMMER 2022,17232,4010,01,CHME-4010,Transport Phenomena I,,,,[],[],Engineering
TRANSPORT PHENOMENA II,LEC,4,TF,8:00AM,10:05AM,Plawsky/Woodcock,,40,0,40,CHME,2022-05-23,2022-08-19,SUMMER 2022,17330,4020,01,CHME-4020,Transport Phenomena II,,,,[],[],Engineering
CHEM PROCESS DYNAMICS & CNTRL,LEC,4,MR,6:15PM,8:20PM,Hedden,,80,0,80,CHME,2022-05-23,2022-08-19,SUMMER 2022,17233,4030,01,CHME-4030,Chemical Process Dynamics and Control,,,,[],[],Engineering
MOLECULAR MODEL & SIMULATIONS,LEC,2,F,1:00PM,3:05PM,Baysal,,20,0,20,CHME,2022-05-23,2022-08-19,SUMMER 2022,17572,4962,01,CHME-4962,,,,,,,Engineering
CHEM ENG IN DRUG DISC & DELIV,LEC,3,MR,10:15AM,11:50AM,Karande,,15,0,15,CHME,2022-05-23,2022-08-19,SUMMER 2022,17650,4963,01,CHME-4963,,,,,,,Engineering
CHEMICAL PROCESS SAFETY,LEC,1,,,,Plawsky,,20,0,20,CHME,2022-05-23,2022-08-19,SUMMER 2022,17651,4964,01,CHME-4964,,,,,,,Engineering
CHEMICAL ENGINEERING PRO SIMUL,LEC,3,TF,10:15AM,11:50AM,Baysal,,20,0,20,CHME,2022-05-23,2022-08-19,SUMMER 2022,17293,4966,01,CHME-4966,,,,,,,Engineering
FINITE ELEMENT SIMULATION CHME,LEC,2,T,6:15PM,8:20PM,Plawsky/Woodcock,,30,0,30,CHME,2022-05-23,2022-08-19,SUMMER 2022,17573,4968,01,CHME-4968,,,,,,,Engineering
MASTERS THESIS,LEC,1-12,,,,Colon,,25,0,25,CHME,2022-05-23,2022-08-19,SUMMER 2022,16835,6990,01,CHME-6990,Master's Thesis,,,,[],[],Engineering
DISSERTATION,LEC,1-15,,,,Colon,,25,0,25,CHME,2022-05-23,2022-08-19,SUMMER 2022,16836,9990,01,CHME-9990,Dissertation,,,,[],[],Engineering
DISSERTATION,,1-15,,,,Belfort,,25,0,25,CHME,2022-05-23,2022-08-19,SUMMER 2022,16998,9990,02,CHME-9990,Dissertation,,,,[],[],Engineering
DISSERTATION,LEC,1-15,,,,Plawsky,,5,0,5,CHME,2022-05-23,2022-08-19,SUMMER 2022,17059,9990,05,CHME-9990,Dissertation,,,,[],[],Engineering
MASTERS THESIS,LEC,1-12,,,,Symans,,25,0,25,CIVL,2022-05-23,2022-08-19,SUMMER 2022,16848,6990,01,CIVL-6990,Master's Thesis,,,,[],[],Engineering
MASTER'S THESIS,LEC,1-12,,,,Letchford,,25,0,25,CIVL,2022-05-23,2022-08-19,SUMMER 2022,16855,6990,02,CIVL-6990,Master's Thesis,,,,[],[],Engineering
MASTER'S THESIS,LEC,1-12,,,,Abdoun,,10,0,10,CIVL,2022-05-23,2022-08-19,SUMMER 2022,17216,6990,03,CIVL-6990,Master's Thesis,,,,[],[],Engineering
DISSERTATION,LEC,1-15,,,,Symans,,25,0,25,CIVL,2022-05-23,2022-08-19,SUMMER 2022,16849,9990,01,CIVL-9990,Dissertation,,,,[],[],Engineering
DISSERTATION,,1-15,,,,Abdoun,,25,0,25,CIVL,2022-05-23,2022-08-19,SUMMER 2022,16972,9990,02,CIVL-9990,Dissertation,,,,[],[],Engineering
INTRO TO COGNITIVE SCIENCE,,4,MR,10:30AM,12:35PM,Weissman,,50,0,50,COGS,2022-05-23,2022-08-19,SUMMER 2022,17619,2120,01,COGS-2120,Introduction to Cognitive Science,,,,[],[],"Humanities, Arts and Social Sciences"
INTRODUCTION TO LINGUISTICS,,4,TF,10:30AM,12:35PM,Weissman,,30,0,30,COGS,2022-05-23,2022-08-19,SUMMER 2022,17735,2340,01,COGS-2340,Introduction to Linguistics,,,,[],[],"Humanities, Arts and Social Sciences"
BEHAVIORAL NEUROSCIENCE,LEC,4,MR,1:30PM,3:35PM,Walf,,15,0,15,COGS,2022-05-23,2022-08-19,SUMMER 2022,17258,4360,01,COGS-4360,Behavioral Neuroscience,,,,[],[],"Humanities, Arts and Social Sciences"
LEARNING & ADVANCED GAME AI,,4,MR,4:00PM,6:05PM,Si,,19,0,19,COGS,2022-05-23,2022-08-19,SUMMER 2022,17736,4430,01,COGS-4430,Learning and Advanced Game AI,,,,[],[],"Humanities, Arts and Social Sciences"
"HORMONES, BRAIN & BEHAVIOR",,4,MR,10:30AM,12:35PM,Walf,,15,0,15,COGS,2022-05-23,2022-08-19,SUMMER 2022,17738,4700,01,COGS-4700,"Hormones, Brain, and Behavior",,,,[],[],"Humanities, Arts and Social Sciences"
EXTENDED COGNITION,LEC,1-6,,8:00AM,8:01AM,Van Heuvel,,0,0,0,COGS,2022-05-23,2022-08-19,SUMMER 2022,17795,4960,01,COGS-4960,Topics in Cognitive Science,,,,[],[],"Humanities, Arts and Social Sciences"
LEARNING & ADVANCED GAME AI,,4,MR,4:00PM,6:05PM,Si,,19,0,19,COGS,2022-05-23,2022-08-19,SUMMER 2022,17737,6430,01,COGS-6430,Learning and Advanced Game AI,,,,[],[],"Humanities, Arts and Social Sciences"
INTRO TO GRAPHIC DESIGN,,4,MR,10:30AM,12:35PM,Staff,,19,0,19,COMM,2022-05-23,2022-08-19,SUMMER 2022,17602,2660,01,COMM-2660,Introduction to Graphic Design,,,,[],[],"Humanities, Arts and Social Sciences"
MEDIA & DISINFORMATION,LEC,4,MR,1:30PM,3:35PM,Staff,,19,0,19,COMM,2022-05-23,2022-08-19,SUMMER 2022,17774,4960,03,COMM-4960,Topics in Communication,,,,[],[],"Humanities, Arts and Social Sciences"
STRAT PUBLIC SPEAKING FOR TECH,LEC,4,MR,10:30AM,12:35PM,Hendler/Gipson,,19,0,19,COMM,2022-05-23,2022-08-19,SUMMER 2022,17779,4960,04,COMM-4960,Topics in Communication,,,,[],[],"Humanities, Arts and Social Sciences"
COMPUTER SCIENCE I,LEC,4,MR,10:30AM,12:10PM,Mushtaque/Hulbert,,32,0,32,CSCI,2022-05-23,2022-08-19,SUMMER 2022,16968,1100,01,CSCI-1100,Computer Science I,,,,[],[],Science
COMPUTER SCIENCE I,LAB,4,W,10:30AM,12:35PM,Staff,,32,0,32,CSCI,2022-05-23,2022-08-19,SUMMER 2022,16968,1100,01,CSCI-1100,Computer Science I,,,,[],[],Science
COMPUTER SCIENCE I,TES,4,R,4:10PM,6:15PM,Staff,,32,0,32,CSCI,2022-05-23,2022-08-19,SUMMER 2022,16968,1100,01,CSCI-1100,Computer Science I,,,,[],[],Science
COMPUTER SCIENCE I,LEC,4,MR,10:30AM,12:10PM,Mushtaque/Hulbert,,32,0,32,CSCI,2022-05-23,2022-08-19,SUMMER 2022,17326,1100,02,CSCI-1100,Computer Science I,,,,[],[],Science
COMPUTER SCIENCE I,LAB,4,W,10:30AM,12:35PM,Staff,,32,0,32,CSCI,2022-05-23,2022-08-19,SUMMER 2022,17326,1100,02,CSCI-1100,Computer Science I,,,,[],[],Science
COMPUTER SCIENCE I,TES,4,R,4:10PM,6:15PM,Staff,,32,0,32,CSCI,2022-05-23,2022-08-19,SUMMER 2022,17326,1100,02,CSCI-1100,Computer Science I,,,,[],[],Science
PRINCIPLES OF SOFTWARE,LEC,4,MR,4:10PM,6:15PM,Kuzmin/Hulbert,,64,0,64,CSCI,2022-05-23,2022-08-19,SUMMER 2022,17331,2600,01,CSCI-2600,Principles of Software,,,,[],[],Science
PRINCIPLES OF SOFTWARE,TES,4,T,6:30PM,8:35PM,Staff,,64,0,64,CSCI,2022-05-23,2022-08-19,SUMMER 2022,17331,2600,01,CSCI-2600,Principles of Software,,,,[],[],Science
PRINCIPLES OF SOFTWARE,LEC,4,MR,6:30PM,8:35PM,Kuzmin/Hulbert,,64,0,64,CSCI,2022-05-23,2022-08-19,SUMMER 2022,17623,2600,02,CSCI-2600,Principles of Software,,,,[],[],Science
PRINCIPLES OF SOFTWARE,TES,4,T,6:30PM,8:35PM,Staff,,64,0,64,CSCI,2022-05-23,2022-08-19,SUMMER 2022,17623,2600,02,CSCI-2600,Principles of Software,,,,[],[],Science
RCOS,STU,4,TF,1:30PM,3:35PM,Turner/Goldschmid,,96,0,96,CSCI,2022-05-23,2022-08-19,SUMMER 2022,17498,2960,01,CSCI-2960,,,,,,,Science
OPERATING SYSTEMS,LEC,4,MR,10:30AM,12:35PM,Goldschmid/Hulbert/Pl,,128,0,128,CSCI,2022-05-23,2022-08-19,SUMMER 2022,17327,4210,01,CSCI-4210,Operating Systems,,,,[],[],Science
OPERATING SYSTEMS,TES,4,T,4:10PM,6:15PM,Staff,,128,0,128,CSCI,2022-05-23,2022-08-19,SUMMER 2022,17327,4210,01,CSCI-4210,Operating Systems,,,,[],[],Science
OPERATING SYSTEMS,LEC,4,MR,1:30PM,3:35PM,Goldschmid/Hulbert/Pl,,128,0,128,CSCI,2022-05-23,2022-08-19,SUMMER 2022,17337,4210,02,CSCI-4210,Operating Systems,,,,[],[],Science
OPERATING SYSTEMS,TES,4,T,4:10PM,6:15PM,Staff,,128,0,128,CSCI,2022-05-23,2022-08-19,SUMMER 2022,17337,4210,02,CSCI-4210,Operating Systems,,,,[],[],Science
CRYPT & NETWORK SECURITY I,LEC,4,MR,10:30AM,12:35PM,Yener,,64,0,64,CSCI,2022-05-23,2022-08-19,SUMMER 2022,17500,4230,01,CSCI-4230,Cryptography and Network Security I,,,,[],[],Science
SOFTWARE DESIGN & DOCUME,LEC,4,MR,6:30PM,8:35PM,Sturman,,32,0,32,CSCI,2022-05-23,2022-08-19,SUMMER 2022,17645,4440,01,CSCI-4440,Software Design and Documentation,,,,[],[],Science
SOFTWARE DESIGN & DOCUME,LEC,4,MR,6:30PM,8:35PM,Sturman,,32,0,32,CSCI,2022-05-23,2022-08-19,SUMMER 2022,17672,4440,02,CSCI-4440,Software Design and Documentation,,,,[],[],Science
LARGE SCALE PROGRAM & TESTING,STU,4,TF,10:30AM,12:35PM,Goldschmid,,32,0,32,CSCI,2022-05-23,2022-08-19,SUMMER 2022,17767,4460,01,CSCI-4460,Large-Scale Programming and Testing,,,,[],[],Science
OPEN SOURCE SOFTWARE,LEC,4,TF,10:30AM,12:35PM,Turner,,64,0,64,CSCI,2022-05-23,2022-08-19,SUMMER 2022,17766,4470,01,CSCI-4470,Open Source Software,,,,[],[],Science
NUMERICAL COMPUTING,LEC,4,MR,10:30AM,12:35PM,Henshaw,,10,0,10,CSCI,2022-05-23,2022-08-19,SUMMER 2022,17644,4800,01,CSCI-4800,Numerical Computing,,,,[],[],Science
APPLICATION PROG USING JAVA,LEC,4,TF,8:00AM,10:05AM,Kuzmin,,64,0,64,CSCI,2022-05-23,2022-08-19,SUMMER 2022,17269,4963,01,CSCI-4963,,,,,,,Science
COMPUTER COMMUNICATION NETWORK,LEC,4,TF,1:30PM,3:35PM,Plum,,64,0,64,CSCI,2022-05-23,2022-08-19,SUMMER 2022,17270,4964,01,CSCI-4964,,,,,,,Science
LEARNING & ADVANCED GAME AI,LEC,4,MR,4:00PM,6:05PM,Si,,19,0,19,CSCI,2022-05-23,2022-08-19,SUMMER 2022,17621,4966,01,CSCI-4966,,,,,,,Science
LEARNING & ADVANCED GAME AI,LEC,4,MR,4:00PM,6:05PM,Si,,19,0,19,CSCI,2022-05-23,2022-08-19,SUMMER 2022,17627,6961,01,CSCI-6961,,,,,,,Science
MASTER'S PROJECT,LEC,1-9,,,,Zaki,,25,0,25,CSCI,2022-05-23,2022-08-19,SUMMER 2022,16837,6980,01,CSCI-6980,Master's Project,,,,[],[],Science
MASTER'S PROJECT,LEC,1-9,,,,Hendler,,25,0,25,CSCI,2022-05-23,2022-08-19,SUMMER 2022,16856,6980,03,CSCI-6980,Master's Project,,,,[],[],Science
MASTER'S PROJECT,LEC,4,,,,Bringsjord,,10,0,10,CSCI,2022-05-23,2022-08-19,SUMMER 2022,17212,6980,04,CSCI-6980,Master's Project,,,,[],[],Science
MASTER'S PROJECT,LEC,1-9,,,,Milanova,,20,0,20,CSCI,2022-05-23,2022-08-19,SUMMER 2022,16891,6980,34,CSCI-6980,Master's Project,,,,[],[],Science
MASTERS THESIS,LEC,1-16,,,,Zaki,,25,0,25,CSCI,2022-05-23,2022-08-19,SUMMER 2022,16883,6990,01,CSCI-6990,Master’s Thesis,,,,[],[],Science
MASTERS THESIS,LEC,1-16,,,,McGuinness,,5,0,5,CSCI,2022-05-23,2022-08-19,SUMMER 2022,17033,6990,06,CSCI-6990,Master’s Thesis,,,,[],[],Science
MASTERS THESIS,LEC,1-16,,,,Carothers,,5,0,5,CSCI,2022-05-23,2022-08-19,SUMMER 2022,17144,6990,08,CSCI-6990,Master’s Thesis,,,,[],[],Science
MASTERS THESIS,LEC,1-16,,,,Varela,,10,0,10,CSCI,2022-05-23,2022-08-19,SUMMER 2022,17180,6990,10,CSCI-6990,Master’s Thesis,,,,[],[],Science
MASTERS THESIS,LEC,1-16,,,,Cutler,,5,0,5,CSCI,2022-05-23,2022-08-19,SUMMER 2022,17036,6990,11,CSCI-6990,Master’s Thesis,,,,[],[],Science
MASTERS THESIS,LEC,1-16,,,,Szymanski,,25,0,25,CSCI,2022-05-23,2022-08-19,SUMMER 2022,16911,6990,16,CSCI-6990,Master’s Thesis,,,,[],[],Science
MASTERS THESIS,LEC,1-16,,,,Milanova,,20,0,20,CSCI,2022-05-23,2022-08-19,SUMMER 2022,16892,6990,34,CSCI-6990,Master’s Thesis,,,,[],[],Science
DISSERTATION,LEC,1-15,,,,Zaki,,25,0,25,CSCI,2022-05-23,2022-08-19,SUMMER 2022,16886,9990,01,CSCI-9990,Dissertation,,,,[],[],Science
DISSERTATION,LEC,1-15,,,,Szymanski,,25,0,25,CSCI,2022-05-23,2022-08-19,SUMMER 2022,17007,9990,04,CSCI-9990,Dissertation,,,,[],[],Science
DISSERTATION,LEC,1-15,,,,McGuinness,,10,0,10,CSCI,2022-05-23,2022-08-19,SUMMER 2022,17194,9990,05,CSCI-9990,Dissertation,,,,[],[],Science
DISSERTATION,LEC,1-15,,,,Milanova,,20,0,20,CSCI,2022-05-23,2022-08-19,SUMMER 2022,16893,9990,34,CSCI-9990,Dissertation,,,,[],[],Science
INTERMEDIATE MICROECON THEORY,LEC,4,,,,Jones,,100,0,100,ECON,2022-05-23,2022-08-19,SUMMER 2022,17260,2010,01,ECON-2010,Intermediate Microeconomic Theory,,,,[],[],"Humanities, Arts and Social Sciences"
MONEY & BANKING,,4,MR,6:30PM,8:35PM,Greene,,200,0,200,ECON,2022-05-23,2022-08-19,SUMMER 2022,17622,4130,01,ECON-4130,Money and Banking,,,,[],[],"Humanities, Arts and Social Sciences"
ELECTRIC CIRCUITS,LEC,4,TF,8:00AM,10:05AM,Sawyer,,32,0,32,ECSE,2022-05-23,2022-08-19,SUMMER 2022,17478,2010,01,ECSE-2010,Electric Circuits,,,,[],[],Engineering
ELECTRIC CIRCUITS,LAB,4,T,4:00PM,6:25PM,Staff,,32,0,32,ECSE,2022-05-23,2022-08-19,SUMMER 2022,17478,2010,01,ECSE-2010,Electric Circuits,,,,[],[],Engineering
ELECTRIC CIRCUITS,LEC,4,TF,8:00AM,10:05AM,Sawyer,,32,0,32,ECSE,2022-05-23,2022-08-19,SUMMER 2022,17479,2010,02,ECSE-2010,Electric Circuits,,,,[],[],Engineering
ELECTRIC CIRCUITS,LAB,4,F,4:00PM,6:25PM,Staff,,32,0,32,ECSE,2022-05-23,2022-08-19,SUMMER 2022,17479,2010,02,ECSE-2010,Electric Circuits,,,,[],[],Engineering
ELECTRICAL ENERGY SYSTEMS,LEC,3,TF,8:30AM,10:05AM,Neti,,75,0,75,ECSE,2022-05-23,2022-08-19,SUMMER 2022,17496,2110,01,ECSE-2110,Electrical Energy Systems,,,,[],[],Engineering
SIGNALS AND SYSTEMS,LEC,3,MR,10:30AM,12:05PM,Neti,,100,0,100,ECSE,2022-05-23,2022-08-19,SUMMER 2022,17477,2410,01,ECSE-2410,Signals and Systems,,,,[],[],Engineering
ENGINEERING PROBABILITY,LEC,3,MR,8:30AM,10:05AM,Kruger,,100,0,100,ECSE,2022-05-23,2022-08-19,SUMMER 2022,17754,2500,01,ECSE-2500,Engineering Probability,,,,[],[],Engineering
COMP ARCHITECTURE & NETWORKS,LEC,4,TF,10:30AM,12:35PM,Rees,,90,0,90,ECSE,2022-05-23,2022-08-19,SUMMER 2022,17603,2660,01,ECSE-2660,"Computer Architecture, Networks, and Operating Systems",,,,[],[],Engineering
PRACTICUM-COLLEGE TEACHING I,LEC,1,,,,Lu,,10,0,10,ECSE,2022-05-23,2022-08-19,SUMMER 2022,17589,2960,01,ECSE-2960,,,,,,,Engineering
PRACTICUM-COLLEGE TEACHING II,LEC,2,,,,Lu,,10,0,10,ECSE,2022-05-23,2022-08-19,SUMMER 2022,17551,2960,02,ECSE-2960,,,,,,,Engineering
MASTER'S PROJECT,LEC,1-16,,,,Schubert,,25,0,25,ECSE,2022-05-23,2022-08-19,SUMMER 2022,16852,6980,01,ECSE-6980,Master's Project,,,,[],[],Engineering
MASTERS THESIS,LEC,1-12,,,,Schubert,,50,0,50,ECSE,2022-05-23,2022-08-19,SUMMER 2022,16833,6990,01,ECSE-6990,Master's Thesis,,,,[],[],Engineering
MASTERS THESIS,,1-12,,,,Franklin,,25,0,25,ECSE,2022-05-23,2022-08-19,SUMMER 2022,16989,6990,02,ECSE-6990,Master's Thesis,,,,[],[],Engineering
MASTERS THESIS,LEC,1-12,,,,Staff,,5,0,5,ECSE,2022-05-23,2022-08-19,SUMMER 2022,17093,6990,04,ECSE-6990,Master's Thesis,,,,[],[],Engineering
MASTERS THESIS,LEC,1-12,,,,Bhat,,10,0,10,ECSE,2022-05-23,2022-08-19,SUMMER 2022,17107,6990,05,ECSE-6990,Master's Thesis,,,,[],[],Engineering
MASTERS THESIS,LEC,1-12,,,,Staff,,10,0,10,ECSE,2022-05-23,2022-08-19,SUMMER 2022,17143,6990,06,ECSE-6990,Master's Thesis,,,,[],[],Engineering
MASTERS THESIS,LEC,1-12,,,,Kar,,5,0,5,ECSE,2022-05-23,2022-08-19,SUMMER 2022,17378,6990,07,ECSE-6990,Master's Thesis,,,,[],[],Engineering
MASTERS THESIS,LEC,1-12,,,,Zhang,,1,0,1,ECSE,2022-05-23,2022-08-19,SUMMER 2022,17032,6990,10,ECSE-6990,Master's Thesis,,,,[],[],Engineering
MASTERS THESIS,LEC,1-12,,,,Staff,,25,0,25,ECSE,2022-05-23,2022-08-19,SUMMER 2022,16943,6990,24,ECSE-6990,Master's Thesis,,,,[],[],Engineering
MASTERS THESIS,LEC,1-12,,,,Chow,,25,0,25,ECSE,2022-05-23,2022-08-19,SUMMER 2022,16903,6990,35,ECSE-6990,Master's Thesis,,,,[],[],Engineering
DISSERTATION,LEC,1-18,,,,Shur,,25,0,25,ECSE,2022-05-23,2022-08-19,SUMMER 2022,16949,9990,05,ECSE-9990,Dissertation,,,,[],[],Engineering
DISSERTATION,LEC,1-18,,,,Huang,,25,0,25,ECSE,2022-05-23,2022-08-19,SUMMER 2022,16942,9990,46,ECSE-9990,Dissertation,,,,[],[],Engineering
INTRO ENGINEERING DESIGN,LEC,4,MR,10:30AM,12:35PM,Chichester,,28,0,28,ENGR,2022-05-23,2022-08-19,SUMMER 2022,16822,2050,01,ENGR-2050,Introduction to Engineering Design,,,,[],[],Engineering
INTRO ENGINEERING DESIGN,LEC,4,TF,10:30AM,12:35PM,Chichester,,28,0,28,ENGR,2022-05-23,2022-08-19,SUMMER 2022,17190,2050,02,ENGR-2050,Introduction to Engineering Design,,,,[],[],Engineering
INTRO ENGINEERING DESIGN,LEC,4,TF,8:00AM,10:05AM,Chichester,,28,0,28,ENGR,2022-05-23,2022-08-19,SUMMER 2022,17245,2050,03,ENGR-2050,Introduction to Engineering Design,,,,[],[],Engineering
INTRO ENGINEERING DESIGN,LEC,4,MR,10:30AM,12:35PM,Chichester,,28,0,28,ENGR,2022-05-23,2022-08-19,SUMMER 2022,17324,2050,04,ENGR-2050,Introduction to Engineering Design,,,,[],[],Engineering
INTRO ENGINEERING DESIGN,LEC,4,MR,8:00AM,10:05AM,Chichester,,28,0,28,ENGR,2022-05-23,2022-08-19,SUMMER 2022,17348,2050,05,ENGR-2050,Introduction to Engineering Design,,,,[],[],Engineering
INTRO ENGINEERING DESIGN,LEC,4,TF,10:30AM,12:35PM,Chichester,,28,0,28,ENGR,2022-05-23,2022-08-19,SUMMER 2022,17366,2050,06,ENGR-2050,Introduction to Engineering Design,,,,[],[],Engineering
ENGINEERING DYNAMICS,LEC,4,TF,10:30AM,12:35PM,Taylor,,50,0,50,ENGR,2022-05-23,2022-08-19,SUMMER 2022,17210,2090,01,ENGR-2090,Engineering Dynamics,,,,[],[],Engineering
ENGINEERING DYNAMICS,LEC,4,MR,1:30PM,3:35PM,Taylor,,60,0,60,ENGR,2022-05-23,2022-08-19,SUMMER 2022,17211,2090,02,ENGR-2090,Engineering Dynamics,,,,[],[],Engineering
ELECTRONIC INSTRUMENTATION,LEC,4,MR,10:30AM,12:35PM,Wilt,,75,0,75,ENGR,2022-05-23,2022-08-19,SUMMER 2022,17488,2300,01,ENGR-2300,Electronic Instrumentation,,,,[],[],Engineering
ELECTRONIC INSTRUMENTATION,LAB,4,M,1:30PM,3:35PM,Staff,,75,0,75,ENGR,2022-05-23,2022-08-19,SUMMER 2022,17488,2300,01,ENGR-2300,Electronic Instrumentation,,,,[],[],Engineering
STRENGTH OF MATERIALS,LEC,4,MR,8:00AM,10:05AM,El-Shafee/Ozisik,,50,0,50,ENGR,2022-05-23,2022-08-19,SUMMER 2022,17178,2530,01,ENGR-2530,Strength of Materials,,,,[],[],Engineering
STRENGTH OF MATERIALS,LEC,4,TF,8:00AM,10:05AM,El-Shafee/Ozisik,,50,0,50,ENGR,2022-05-23,2022-08-19,SUMMER 2022,17136,2530,02,ENGR-2530,Strength of Materials,,,,[],[],Engineering
MOD & ANALYSIS UNCERTAINTY,LEC,3,MR,10:30AM,12:35PM,Wang,,50,0,50,ENGR,2022-05-23,2022-08-19,SUMMER 2022,16823,2600,01,ENGR-2600,Modeling and Analysis of Uncertainty,,,,[],[],Engineering
MOD & ANALYSIS UNCERTAINTY,LEC,3,TF,10:30AM,12:35PM,Sundararam/Keblinski,,50,0,50,ENGR,2022-05-23,2022-08-19,SUMMER 2022,17325,2600,02,ENGR-2600,Modeling and Analysis of Uncertainty,,,,[],[],Engineering
MOD & ANALYSIS UNCERTAINTY,LEC,3,MR,1:30PM,3:35PM,Wang,,50,0,50,ENGR,2022-05-23,2022-08-19,SUMMER 2022,17365,2600,03,ENGR-2600,Modeling and Analysis of Uncertainty,,,,[],[],Engineering
ENGINEERING ECONOMICS,LEC,3,,,,Chichester,,75,0,75,ENGR,2022-05-23,2022-08-19,SUMMER 2022,17047,4760,01,ENGR-4760,Engineering Economics,,,,[],[],Engineering
APPLIED HYDROLOGY & DESIGN,LAB,4,TF,8:00AM,10:05AM,Letchford,,16,0,16,ENVE,2022-05-23,2022-08-19,SUMMER 2022,17757,4370,02,ENVE-4370,Applied Hydrology and Design,,,,[],[],Engineering
APPLIED HYDROLOGY & DESIGN,LEC,4,T,3:45PM,5:35PM,Letchford,,16,0,16,ENVE,2022-05-23,2022-08-19,SUMMER 2022,17757,4370,02,ENVE-4370,Applied Hydrology and Design,,,,[],[],Engineering
APPLIED HYDROLOGY & DESIGN,LEC,4,TF,8:00AM,10:05AM,Letchford,,16,0,16,ENVE,2022-05-23,2022-08-19,SUMMER 2022,17758,4370,03,ENVE-4370,Applied Hydrology and Design,,,,[],[],Engineering
APPLIED HYDROLOGY & DESIGN,LAB,4,R,3:45PM,5:35PM,Letchford,,16,0,16,ENVE,2022-05-23,2022-08-19,SUMMER 2022,17758,4370,03,ENVE-4370,Applied Hydrology and Design,,,,[],[],Engineering
APPLIED HYDROLOGY & DESIGN,LEC,4,TF,8:00AM,10:05AM,Letchford,,16,0,16,ENVE,2022-05-23,2022-08-19,SUMMER 2022,17759,4370,04,ENVE-4370,Applied Hydrology and Design,,,,[],[],Engineering
APPLIED HYDROLOGY & DESIGN,LAB,4,F,3:45PM,5:35PM,Letchford,,16,0,16,ENVE,2022-05-23,2022-08-19,SUMMER 2022,17759,4370,04,ENVE-4370,Applied Hydrology and Design,,,,[],[],Engineering
DISSERTATION,LEC,1-15,,,,Kilduff,,25,0,25,ENVE,2022-05-23,2022-08-19,SUMMER 2022,16941,9990,02,ENVE-9990,Dissertation,,,,[],[],Engineering
PLANET EARTH I,,4,MR,8:00AM,10:05AM,Cadieux,,9,0,9,ERTH,2022-05-23,2022-08-19,SUMMER 2022,17760,1010,01,ERTH-1010,Planet Earth I: The Solid Earth,,,,[],[],Science
PLANET EARTH I,LEC,4,MR,8:00AM,10:05AM,Cadieux,,15,0,15,ERTH,2022-05-23,2022-08-19,SUMMER 2022,17797,1010,02,ERTH-1010,Planet Earth I: The Solid Earth,,,,[],[],Science
ENVIRONMENTAL MEASUREMENTS,LEC,4,W,10:00AM,11:50AM,Wagner,,10,0,10,ERTH,2022-05-23,2022-08-19,SUMMER 2022,17663,4190,01,ERTH-4190,Environmental Measurements,,,,[],[],Science
ENVIRONMENTAL MEASUREMENTS,LAB,4,W,12:00PM,3:50PM,Staff,,10,0,10,ERTH,2022-05-23,2022-08-19,SUMMER 2022,17663,4190,01,ERTH-4190,Environmental Measurements,,,,[],[],Science
ART FOR INTERACTIVE MEDIA,,4,MR,4:00PM,6:05PM,Nideffer,,19,0,19,GSAS,2022-05-23,2022-08-19,SUMMER 2022,17788,1040,01,GSAS-1040,Art for Interactive Media,,,,[],[],"Humanities, Arts and Social Sciences"
ANALOG ROLE-PLAYING GAMES,LEC,4,W,8:00AM,10:05AM,Mizer,,10,0,10,GSAS,2022-05-23,2022-08-19,SUMMER 2022,17520,2962,01,GSAS-2962,,,,,,,"Humanities, Arts and Social Sciences"
ANALOG ROLE-PLAYING GAMES,LEC,4,W,10:30AM,12:35PM,Mizer,,10,0,10,GSAS,2022-05-23,2022-08-19,SUMMER 2022,17520,2962,01,GSAS-2962,,,,,,,"Humanities, Arts and Social Sciences"
ANALOG ROLE-PLAYING GAMES,LEC,4,W,8:00AM,10:05AM,Mizer,,9,0,9,GSAS,2022-05-23,2022-08-19,SUMMER 2022,17521,2962,02,GSAS-2962,,,,,,,"Humanities, Arts and Social Sciences"
ANALOG ROLE-PLAYING GAMES,LEC,4,W,10:30AM,12:35PM,Mizer,,9,0,9,GSAS,2022-05-23,2022-08-19,SUMMER 2022,17521,2962,02,GSAS-2962,,,,,,,"Humanities, Arts and Social Sciences"
INTRODUCTION TO WORLDBUILDING,LEC,4,W,1:30PM,3:35PM,Mizer,,10,0,10,GSAS,2022-05-23,2022-08-19,SUMMER 2022,17522,2965,01,GSAS-2965,,,,,,,"Humanities, Arts and Social Sciences"
INTRODUCTION TO WORLDBUILDING,LEC,4,W,4:10PM,6:15PM,Mizer,,10,0,10,GSAS,2022-05-23,2022-08-19,SUMMER 2022,17522,2965,01,GSAS-2965,,,,,,,"Humanities, Arts and Social Sciences"
INTRODUCTION TO WORLDBUILDING,LEC,4,W,1:30PM,3:35PM,Mizer,,9,0,9,GSAS,2022-05-23,2022-08-19,SUMMER 2022,17523,2965,02,GSAS-2965,,,,,,,"Humanities, Arts and Social Sciences"
INTRODUCTION TO WORLDBUILDING,LEC,4,W,4:10PM,6:15PM,Mizer,,9,0,9,GSAS,2022-05-23,2022-08-19,SUMMER 2022,17523,2965,02,GSAS-2965,,,,,,,"Humanities, Arts and Social Sciences"
COMPUTER GRAPHICS FOR GAMES,,4,W,10:30AM,12:35PM,Ameres,,19,0,19,GSAS,2022-05-23,2022-08-19,SUMMER 2022,17794,4530,01,GSAS-4530,Computer Graphics for Games,,,,[],[],"Humanities, Arts and Social Sciences"
COMPUTER GRAPHICS FOR GAMES,,4,W,1:30PM,3:35PM,Ameres,,19,0,19,GSAS,2022-05-23,2022-08-19,SUMMER 2022,17794,4530,01,GSAS-4530,Computer Graphics for Games,,,,[],[],"Humanities, Arts and Social Sciences"
"MUSIC, SOUND, & SCREEN MEDIA",,4,TF,8:00AM,9:50AM,Galloway,,19,0,19,GSAS,2022-05-23,2022-08-19,SUMMER 2022,17769,4960,01,GSAS-4960,Topics in Games,,,,[],[],"Humanities, Arts and Social Sciences"
DISSERTATION,LEC,1-15,,,,Staff,,10,0,10,ISCI,2022-05-23,2022-08-19,SUMMER 2022,17140,9990,07,ISCI-9990,Dissertation,,,,[],[],Science
STATISTICAL ANALYSIS,LEC,4,MR,10:30AM,12:35PM,Korolov,,50,0,50,ISYE,2022-05-23,2022-08-19,SUMMER 2022,17236,4140,01,ISYE-4140,Statistical Analysis,,,,[],[],Engineering
ENGR PROJ MANAGEMENT,LEC,3,MR,1:30PM,3:35PM,Korolov,,50,0,50,ISYE,2022-05-23,2022-08-19,SUMMER 2022,17289,4240,01,ISYE-4240,Engineering Project Management,,,,[],[],Engineering
OPERATIONS RESEARCH METHOD,LEC,4,TF,10:30AM,12:35PM,Ramirez Ri,,25,0,25,ISYE,2022-05-23,2022-08-19,SUMMER 2022,17237,4600,01,ISYE-4600,Operations Research Methods,,,,[],[],Engineering
SYSTEMS MODELING IN DSES,,3,TF,10:30AM,12:35PM,Staff,,25,0,25,ISYE,2022-05-23,2022-08-19,SUMMER 2022,17764,6610,01,ISYE-6610,Systems Modeling in Decision Sciences,,,,[],[],Engineering
MASTER'S THESIS,LEC,1-9,,,,Wallace,,10,0,10,ISYE,2022-05-23,2022-08-19,SUMMER 2022,17141,6990,01,ISYE-6990,Master's Thesis,,,,[],[],Engineering
MASTER'S THESIS,LEC,1-9,,,,Mendonca,,10,0,10,ISYE,2022-05-23,2022-08-19,SUMMER 2022,17274,6990,02,ISYE-6990,Master's Thesis,,,,[],[],Engineering
MASTER'S THESIS,LEC,1-9,,,,Pazour,,10,0,10,ISYE,2022-05-23,2022-08-19,SUMMER 2022,17281,6990,06,ISYE-6990,Master's Thesis,,,,[],[],Engineering
DISSERTATION,LEC,1-15,,,,Mendonca,,10,0,10,ISYE,2022-05-23,2022-08-19,SUMMER 2022,17242,9990,01,ISYE-9990,Dissertation,,,,[],[],Engineering
DISSERTATION,LEC,1-15,,,,Wallace,,10,0,10,ISYE,2022-05-23,2022-08-19,SUMMER 2022,17273,9990,02,ISYE-9990,Dissertation,,,,[],[],Engineering
DISSERTATION,LEC,1-15,,,,Pazour,,10,0,10,ISYE,2022-05-23,2022-08-19,SUMMER 2022,17282,9990,06,ISYE-9990,Dissertation,,,,[],[],Engineering
DISSERTATION,LEC,1-15,,,,Schell,,10,0,10,ISYE,2022-05-23,2022-08-19,SUMMER 2022,17379,9990,10,ISYE-9990,Dissertation,,,,[],[],Engineering
DISSERTATION,LEC,1-15,,,,Bennett,,10,0,10,ISYE,2022-05-23,2022-08-19,SUMMER 2022,17575,9990,13,ISYE-9990,Dissertation,,,,[],[],Engineering
MASTER'S PROJECT,LEC,1-9,,,,Narendran,,10,0,10,LGHT,2022-05-23,2022-08-19,SUMMER 2022,17205,6980,02,LGHT-6980,Master's Project,,,,[],[],Architecture
INVENTOR'S STUDIO 1,STU,4,TF,10:30AM,12:35PM,Ghosh/Sullivan/Vener,,26,0,26,MANE,2022-05-23,2022-08-19,SUMMER 2022,17491,2220,01,MANE-2220,Inventor's Studio 1,,,,[],[],Engineering
INVENTOR'S STUDIO 1,STU,4,TF,1:30PM,3:35PM,Ghosh/Henry/Sullivan,,26,0,26,MANE,2022-05-23,2022-08-19,SUMMER 2022,17492,2220,02,MANE-2220,Inventor's Studio 1,,,,[],[],Engineering
FLUID MECHANICS,LEC,3,MR,8:00AM,10:05AM,Woodcock,,50,0,50,MANE,2022-05-23,2022-08-19,SUMMER 2022,17320,2720,01,MANE-2720,Fluid Mechanics,,,,[],[],Engineering
FLUID MECHANICS,LEC,3,MR,10:30AM,12:35PM,Woodcock,,50,0,50,MANE,2022-05-23,2022-08-19,SUMMER 2022,17490,2720,02,MANE-2720,Fluid Mechanics,,,,[],[],Engineering
ELEMENTS OF MECH DESIGN,LEC,4,TF,8:00AM,10:05AM,Staff,,65,0,65,MANE,2022-05-23,2022-08-19,SUMMER 2022,17241,4030,01,MANE-4030,Elements of Mechanical Design,,,,[],[],Engineering
ELEMENTS OF MECH DESIGN,LEC,4,TF,10:30AM,12:35PM,Staff,,65,0,65,MANE,2022-05-23,2022-08-19,SUMMER 2022,17761,4030,02,MANE-4030,Elements of Mechanical Design,,,,[],[],Engineering
AEROSPACE STRUC & MATERIALS,LEC,4,TF,8:00AM,10:05AM,Shahsavari,,75,0,75,MANE,2022-05-23,2022-08-19,SUMMER 2022,17762,4060,01,MANE-4060,Aerospace Structures and Materials,,,,[],[],Engineering
AERODYNAMICS I,LEC,4,MR,8:00AM,10:05AM,Housley,,45,0,45,MANE,2022-05-23,2022-08-19,SUMMER 2022,17230,4070,01,MANE-4070,Aerodynamics,,,,[],[],Engineering
AERODYNAMICS I,LEC,4,MR,10:30AM,12:35PM,Housley,,45,0,45,MANE,2022-05-23,2022-08-19,SUMMER 2022,17510,4070,02,MANE-4070,Aerodynamics,,,,[],[],Engineering
MODELING AND CONTRL OF DYN SYS,LEC,3,TF,10:30AM,12:35PM,Shahsavari,,40,0,40,MANE,2022-05-23,2022-08-19,SUMMER 2022,17361,4500,01,MANE-4500,Modeling and Control of Dynamic Systems,,,,[],[],Engineering
MODELING AND CONTRL OF DYN SYS,LEC,3,TF,1:30PM,3:35PM,Shahsavari,,40,0,40,MANE,2022-05-23,2022-08-19,SUMMER 2022,17509,4500,02,MANE-4500,Modeling and Control of Dynamic Systems,,,,[],[],Engineering
HEAT TRANSFER,LEC,3,TF,10:30AM,12:35PM,Borca-Tasc/Borca Tasc,,45,0,45,MANE,2022-05-23,2022-08-19,SUMMER 2022,17362,4730,01,MANE-4730,Heat Transfer,,,,[],[],Engineering
MANE LABORATORY SAFETY PROGRAM,LEC,0,,,,McDougall/De,,100,0,100,MANE,2022-05-23,2022-08-19,SUMMER 2022,17763,4880,01,MANE-4880,,,,,,,Engineering
MASTER'S PROJECT,LEC,1-9,,,,Shi,,5,0,5,MANE,2022-05-23,2022-08-19,SUMMER 2022,17369,6980,01,MANE-6980,Master's Project,,,,[],[],Engineering
MASTER'S PROJECT,LEC,1-9,,,,Zhang,,5,0,5,MANE,2022-05-23,2022-08-19,SUMMER 2022,17024,6980,02,MANE-6980,Master's Project,,,,[],[],Engineering
MASTER'S PROJECT,LEC,1-9,,,,Kopsaftopo,,5,0,5,MANE,2022-05-23,2022-08-19,SUMMER 2022,17583,6980,03,MANE-6980,Master's Project,,,,[],[],Engineering
MASTER'S THESIS,LEC,1-12,,,,Mishra,,5,0,5,MANE,2022-05-23,2022-08-19,SUMMER 2022,16887,6990,01,MANE-6990,Master's Thesis,,,,[],[],Engineering
MASTER'S THESIS,LEC,1-12,,,,Zhang,,5,0,5,MANE,2022-05-23,2022-08-19,SUMMER 2022,17019,6990,04,MANE-6990,Master's Thesis,,,,[],[],Engineering
FOUNDATIONS OF ANALYSIS,LEC,4,MR,10:30AM,12:35PM,Zerbetto T/Stevenson,,40,0,40,MATH,2022-05-23,2022-08-19,SUMMER 2022,17639,4090,01,MATH-4090,Foundation of Analysis,,,,[],[],Science
LINEAR ALGEBRA,LEC,4,MR,8:00AM,10:05AM,Zerbetto T,,80,0,80,MATH,2022-05-23,2022-08-19,SUMMER 2022,17640,4100,01,MATH-4100,Linear Algebra,,,,[],[],Science
INTRO TO COMPLEX VARIABLES,LEC,4,TF,1:30PM,3:35PM,Kovacic,,60,0,60,MATH,2022-05-23,2022-08-19,SUMMER 2022,17641,4300,01,MATH-4300,Introduction to Complex Variables: Theory and Applications,,,,[],[],Science
ADVANCED CALCULUS,LEC,4,TF,10:30AM,12:35PM,Kovacic,,80,0,80,MATH,2022-05-23,2022-08-19,SUMMER 2022,17642,4600,01,MATH-4600,Advanced Calculus,,,,[],[],Science
NUMERICAL COMPUTING,LEC,4,MR,10:30AM,12:35PM,Henshaw,,60,0,60,MATH,2022-05-23,2022-08-19,SUMMER 2022,17643,4800,01,MATH-4800,Numerical Computing,,,,[],[],Science
MASTER'S PROJECT,LEC,1-6,,,,Piper,,10,0,10,MATH,2022-05-23,2022-08-19,SUMMER 2022,17214,6980,03,MATH-6980,Master's Project,,,,[],[],Science
MANAGEMENT IN THE DIGITAL AGE,,4,W,6:00PM,9:20PM,Ballinger,,50,0,50,MGMT,2022-05-23,2022-08-19,SUMMER 2022,17765,1100,01,MGMT-1100,Management in the Digital Age,,,,[],[],Business Management
MANAGERIAL FINANCE,LEC,4,MR,1:30PM,3:35PM,Clark,,40,0,40,MGMT,2022-05-23,2022-08-19,SUMMER 2022,17474,2320,01,MGMT-2320,Managerial Finance,,,,[],[],Business Management
COMPUTER INFO SYSTEMS,LEC,4,TF,1:30PM,3:35PM,Staff,,47,0,47,MGMT,2022-05-23,2022-08-19,SUMMER 2022,17476,4140,01,MGMT-4140,Computer Information Systems,,,,[],[],Business Management
ORG BEHAVIOR IN HIGH PERF ORG,LEC,4,MR,10:30AM,12:35PM,Staff,,42,0,42,MGMT,2022-05-23,2022-08-19,SUMMER 2022,17475,4850,01,MGMT-4850,Organizational Behavior in High Performance Organizations,,,,[],[],Business Management
DISSERTATION,LEC,1-15,,,,Kuruzovich,,10,0,10,MGMT,2022-05-23,2022-08-19,SUMMER 2022,17108,9990,01,MGMT-9990,Dissertation,,,,[],[],Business Management
DISSERTATION,LEC,1-15,,,,Francis,,10,0,10,MGMT,2022-05-23,2022-08-19,SUMMER 2022,17110,9990,02,MGMT-9990,Dissertation,,,,[],[],Business Management
DISSERTATION,LEC,1-15,,,,Nevo,,10,0,10,MGMT,2022-05-23,2022-08-19,SUMMER 2022,17381,9990,04,MGMT-9990,Dissertation,,,,[],[],Business Management
DISSERTATION,LEC,1-15,,,,Kumar,,10,0,10,MGMT,2022-05-23,2022-08-19,SUMMER 2022,17191,9990,10,MGMT-9990,Dissertation,,,,[],[],Business Management
MATERIALS LABORATORY SKILLS,,1,M,1:30PM,5:30PM,Lewis,,8,0,8,MTLE,2022-05-23,2022-08-19,SUMMER 2022,17612,2500,01,MTLE-2500,Materials Laboratory Skills,,,,[],[],Engineering
MATERIALS LABORATORY SKILLS,,1,T,1:30PM,5:30PM,Lewis,,8,0,8,MTLE,2022-05-23,2022-08-19,SUMMER 2022,17613,2500,02,MTLE-2500,Materials Laboratory Skills,,,,[],[],Engineering
MECH PROPERTIES OF MATERIALS,LEC,4,MR,10:30AM,12:35PM,Ozisik,,8,0,8,MTLE,2022-05-23,2022-08-19,SUMMER 2022,17616,4250,01,MTLE-4250,Mechanical Properties of Materials,,,,[],[],Engineering
MECH PROPERTIES OF MATERIALS,LAB,4,R,1:30PM,5:30PM,Staff,,8,0,8,MTLE,2022-05-23,2022-08-19,SUMMER 2022,17616,4250,01,MTLE-4250,Mechanical Properties of Materials,,,,[],[],Engineering
MECH PROPERTIES OF MATERIALS,,4,MR,10:30AM,12:35PM,Ozisik,,8,0,8,MTLE,2022-05-23,2022-08-19,SUMMER 2022,17624,4250,02,MTLE-4250,Mechanical Properties of Materials,,,,[],[],Engineering
MECH PROPERTIES OF MATERIALS,LAB,4,F,1:30PM,5:30PM,Staff,,8,0,8,MTLE,2022-05-23,2022-08-19,SUMMER 2022,17624,4250,02,MTLE-4250,Mechanical Properties of Materials,,,,[],[],Engineering
MASTER'S PROJECT,LEC,1-12,,,,Ozisik,,10,0,10,MTLE,2022-05-23,2022-08-19,SUMMER 2022,16846,6980,02,MTLE-6980,Master's Project,,,,[],[],Engineering
MASTER'S PROJECT,LEC,1-12,,,,Palermo,,25,0,25,MTLE,2022-05-23,2022-08-19,SUMMER 2022,16905,6980,03,MTLE-6980,Master's Project,,,,[],[],Engineering
MASTER'S PROJECT,LEC,1-12,,,,Hull,,5,0,5,MTLE,2022-05-23,2022-08-19,SUMMER 2022,17094,6980,04,MTLE-6980,Master's Project,,,,[],[],Engineering
MASTER'S THESIS,LEC,1-15,,,,Palermo,,10,0,10,MTLE,2022-05-23,2022-08-19,SUMMER 2022,16831,6990,01,MTLE-6990,Master’s Thesis,,,,[],[],Engineering
MASTER'S THESIS,LEC,1-15,,,,Duquette,,25,0,25,MTLE,2022-05-23,2022-08-19,SUMMER 2022,16906,6990,03,MTLE-6990,Master’s Thesis,,,,[],[],Engineering
MASTER'S THESIS,LEC,1-15,,,,Hull,,5,0,5,MTLE,2022-05-23,2022-08-19,SUMMER 2022,17092,6990,05,MTLE-6990,Master’s Thesis,,,,[],[],Engineering
MASTER'S THESIS,LEC,1-15,,,,Siegel,,5,0,5,MTLE,2022-05-23,2022-08-19,SUMMER 2022,17039,6990,09,MTLE-6990,Master’s Thesis,,,,[],[],Engineering
MASTER'S THESIS,LEC,1-15,,,,Gall,,25,0,25,MTLE,2022-05-23,2022-08-19,SUMMER 2022,16889,6990,14,MTLE-6990,Master’s Thesis,,,,[],[],Engineering
DISSERTATION,LEC,1-15,,,,Ozisik,,10,0,10,MTLE,2022-05-23,2022-08-19,SUMMER 2022,16845,9990,02,MTLE-9990,Dissertation,,,,[],[],Engineering
DISSERTATION,LEC,1-15,,,,Duquette,,25,0,25,MTLE,2022-05-23,2022-08-19,SUMMER 2022,16900,9990,03,MTLE-9990,Dissertation,,,,[],[],Engineering
DISSERTATION,LEC,1-15,,,,Gall,,5,0,5,MTLE,2022-05-23,2022-08-19,SUMMER 2022,17004,9990,04,MTLE-9990,Dissertation,,,,[],[],Engineering
DISSERTATION,LEC,1-15,,,,Siegel,,5,0,5,MTLE,2022-05-23,2022-08-19,SUMMER 2022,17038,9990,09,MTLE-9990,Dissertation,,,,[],[],Engineering
EXPERIMENTAL PHYSICS,LEC,4,W,8:00AM,12:00PM,Michael,,16,0,16,PHYS,2022-05-23,2022-08-19,SUMMER 2022,17625,2350,01,PHYS-2350,Experimental Physics,,,,[],[],Science
EXPERIMENTAL PHYSICS,LEC,4,W,8:00AM,12:00PM,Michael,,16,0,16,PHYS,2022-05-23,2022-08-19,SUMMER 2022,17626,2350,02,PHYS-2350,Experimental Physics,,,,[],[],Science
COMPUTING FOR PHYSICISTS,LEC,4,TF,1:30PM,3:35PM,West,,40,0,40,PHYS,2022-05-23,2022-08-19,SUMMER 2022,17336,2962,01,PHYS-2962,,,,,,,Science
MATHEMATICAL PHYS FOR PHYSICS,LEC,4,MR,1:30PM,3:35PM,Georg,,25,0,25,PHYS,2022-05-23,2022-08-19,SUMMER 2022,17648,4962,01,PHYS-4962,,,,,,,Science
BEHAVIORAL NEUROSCIENCE,LEC,4,MR,1:30PM,3:35PM,Walf,,15,0,15,PSYC,2022-05-23,2022-08-19,SUMMER 2022,17257,4320,01,PSYC-4320,,,,,,,"Humanities, Arts and Social Sciences"
"HORMONES, BRAIN & BEHAVIOR",,4,MR,10:30AM,12:35PM,Walf,,15,0,15,PSYC,2022-05-23,2022-08-19,SUMMER 2022,17746,4700,01,PSYC-4700,"Hormones, Brain, and Behavior",,,,[],[],"Humanities, Arts and Social Sciences"
DESIGN & INNOVATION STUDIO A,,4,TF,1:30PM,4:35PM,Sawyer,,25,0,25,STSO,2022-05-23,2022-08-19,SUMMER 2022,17792,4600,01,STSO-4600,Design and Innovation Studio A,,,,[],[],Other
STRATEGIC WRITING,,4,TF,10:30AM,12:35PM,Staff,,19,0,19,WRIT,2022-05-23,2022-08-19,SUMMER 2022,17744,2110,01,WRIT-2110,Strategic Writing,,,,[],[],"Humanities, Arts and Social Sciences"
SPEECH COMMUNICATION,,4,MR,1:30PM,3:35PM,Gipson,,19,0,19,WRIT,2022-05-23,2022-08-19,SUMMER 2022,17745,2340,01,WRIT-2340,Speech Communication,,,,[],[],"Humanities, Arts and Social Sciences"
WRITING ABOUT DIVERSITY,LEC,4,TF,4:00PM,6:05PM,Staff,,19,0,19,WRIT,2022-05-23,2022-08-19,SUMMER 2022,17778,4960,0,WRIT-4960,Topics in Writing,,,,[],[],"Humanities, Arts and Social Sciences"
STORYTELLING: PODCASTS & RADIO,LEC,4,MTRF,10:30AM,12:35PM,Press,,16,0,16,ARTS,2022-05-23,2022-07-01,SUMMER 2022,17771,2960,01,ARTS-2960,Topics in the Arts,,,,[],[],"Humanities, Arts and Social Sciences"
3D VISUAL EFFECTS,,4,MTR,4:00PM,6:50PM,Ruzanka,,19,0,19,ARTS,2022-05-23,2022-07-01,SUMMER 2022,17793,4060,01,ARTS-4060,3D Visual Effects,,,,[],[],"Humanities, Arts and Social Sciences"
TOPICS IN DEEP LISTENING,,4,MTRF,10:30AM,12:35PM,Loveless,,19,0,19,ARTS,2022-05-23,2022-07-01,SUMMER 2022,17733,4180,01,ARTS-4180,Topics in Deep Listening,,,,[],[],"Humanities, Arts and Social Sciences"
TOPICS IN DEEP LISTENING,,4,MTRF,10:30AM,12:35PM,Loveless,,19,0,19,ARTS,2022-05-23,2022-07-01,SUMMER 2022,17734,6180,01,ARTS-6180,Topics in Deep Listening,,,,[],[],"Humanities, Arts and Social Sciences"
INTRODUCTION TO BIOLOGY,LEC,3,TRF,10:30AM,12:35PM,Ramanath/Shablovsky,,64,0,64,BIOL,2022-05-23,2022-07-01,SUMMER 2022,17176,1010,01,BIOL-1010,Introduction to Biology,,,,[],[],Science
INTRODUCTION TO BIOLOGY LAB,LAB,1,TF,1:15PM,3:50PM,Ramanath/Shablovsky,,64,0,64,BIOL,2022-05-23,2022-07-01,SUMMER 2022,17177,1015,01,BIOL-1015,Introduction to Biology Laboratory,,,,[],[],Science
MICROBIOLOGY LABORATORY,LAB,6,TRF,1:00PM,4:50PM,Bonocora,,10,0,10,BIOL,2022-05-23,2022-07-01,SUMMER 2022,17600,4320,01,BIOL-4320,Microbiology Lab,,,,[],[],Science
CHEMISTRY I,LEC,4,MTRF,10:30AM,12:35PM,Ma,,20,0,20,CHEM,2022-05-23,2022-07-01,SUMMER 2022,17189,1100,01,CHEM-1100,Chemistry I,,,,[],[],Science
CHEMISTRY I,LAB,4,MR,1:00PM,3:50PM,Tysoe/Morrissey,,20,0,20,CHEM,2022-05-23,2022-07-01,SUMMER 2022,17189,1100,01,CHEM-1100,Chemistry I,,,,[],[],Science
ORGANIC CHEMISTRY LAB I,LAB,1,TF,3:05PM,5:55PM,Kirova-Sno,,10,0,10,CHEM,2022-05-23,2022-07-01,SUMMER 2022,17646,2230,01,CHEM-2230,Organic Chemistry Laboratory I,,,,[],[],Science
ORGANIC CHEMISTRY I,LEC,3,MTRF,10:30AM,12:20PM,Totsingan,,40,0,40,CHEM,2022-05-23,2022-07-01,SUMMER 2022,16964,2250,01,CHEM-2250,Organic Chemistry I,,,,[],[],Science
CHEMISTRY IN THE MOVIES,LEC,3,MR,6:00PM,7:50PM,Tysoe,,20,0,20,CHEM,2022-05-23,2022-07-01,SUMMER 2022,17570,4961,01,CHEM-4961,,,,,,,Science
CHEMISTRY IN THE MOVIES,LEC,3,,,,Tysoe,,20,0,20,CHEM,2022-05-23,2022-07-01,SUMMER 2022,17570,4961,01,CHEM-4961,,,,,,,Science
COMM THEORY & PRACTICE,,4,MTRF,1:30PM,3:35PM,Ran,,19,0,19,COMM,2022-05-23,2022-07-01,SUMMER 2022,17739,2520,01,COMM-2520,Communication Theory and Practice,,,,[],[],"Humanities, Arts and Social Sciences"
INTERACTIVE DATA VISUALIZATION,STU,4,MTR,4:00PM,6:50PM,Search,,12,0,12,COMM,2022-05-23,2022-07-01,SUMMER 2022,17208,4880,01,COMM-4880,Interactive Data Visualization,,,,[],[],"Humanities, Arts and Social Sciences"
SOCIAL MEDIA & STRATEGIC COMM,LEC,4,MTRF,4:00PM,6:05PM,Ran,,19,0,19,COMM,2022-05-23,2022-07-01,SUMMER 2022,17773,4960,02,COMM-4960,Topics in Communication,,,,[],[],"Humanities, Arts and Social Sciences"
INTERACTIVE DATA VISUALIZATION,STU,3,MTR,4:00PM,6:50PM,Search,,5,0,5,COMM,2022-05-23,2022-07-01,SUMMER 2022,17209,6880,01,COMM-6880,Interactive Data Visualization,,,,[],[],"Humanities, Arts and Social Sciences"
INTERMEDIATE MACROECON THEORY,LEC,4,MTRF,1:30PM,3:35PM,Mahmoudi,,30,0,30,ECON,2022-05-23,2022-07-01,SUMMER 2022,17503,2020,02,ECON-2020,Intermediate Macroeconomic Theory,,,,[],[],"Humanities, Arts and Social Sciences"
ENVIRONMENTAL ECONOMICS,STU,4,MTRF,4:00PM,6:05PM,Greene,,40,0,40,ECON,2022-05-23,2022-07-01,SUMMER 2022,17329,4230,01,ECON-4230,Environmental Economics,,,,[],[],"Humanities, Arts and Social Sciences"
MASTER'S PROJECT,LEC,1-16,,,,Wilt,,10,0,10,ECSE,2022-05-23,2022-07-01,SUMMER 2022,17676,6980,03,ECSE-6980,Master's Project,,,,[],[],Engineering
INTRO TO ENGR ANALYSIS,LEC,4,MTRF,8:00AM,10:05AM,Wang,,40,0,40,ENGR,2022-05-23,2022-07-01,SUMMER 2022,16940,1100,01,ENGR-1100,Introduction to Engineering Analysis,,,,[],[],Engineering
ENG GRAPHICS & CAD,LEC,1,MTR,10:30AM,12:35PM,Morris,,20,0,20,ENGR,2022-05-23,2022-07-01,SUMMER 2022,16821,1200,01,ENGR-1200,Engineering Graphics and CAD,,,,[],[],Engineering
MATERIALS SCIENCE,LEC,4,MTRF,10:30AM,12:35PM,Ramanath,,25,0,25,ENGR,2022-05-23,2022-07-01,SUMMER 2022,17028,1600,01,ENGR-1600,Materials Science,,,,[],[],Engineering
PD: LEADERSHIP COMPETENCIES,LEC,1,MR,8:00AM,10:05AM,Obiero/Chichester/Sul,,48,0,48,ENGR,2022-05-23,2022-07-01,SUMMER 2022,17002,4010,01,ENGR-4010,Professional Development: Leadership Competencies,,,,[],[],Engineering
GAME DEVELOPMENT II,,4,MTRF,10:30AM,12:35PM,Payen,,30,0,30,GSAS,2022-05-23,2022-07-01,SUMMER 2022,17740,4540,01,GSAS-4540,Game Development II,,,,[],[],"Humanities, Arts and Social Sciences"
INTERMEDIATE GAME DESIGN,LEC,4,MTRF,1:30PM,3:35PM,Payen,,19,0,19,GSAS,2022-05-23,2022-07-01,SUMMER 2022,17791,4961,01,GSAS-4961,,,,,,,"Humanities, Arts and Social Sciences"
COMMUNITY READ SEMINAR,LEC,4,MTR,1:30PM,3:35PM,Anicca,,19,0,19,IHSS,2022-05-23,2022-07-01,SUMMER 2022,17666,4961,01,IHSS-4961,,,,,,,"Humanities, Arts and Social Sciences"
CHINESE I,,4,MTRF,8:00AM,10:05AM,Yue,,19,0,19,LANG,2022-05-23,2022-07-01,SUMMER 2022,17741,1410,01,LANG-1410,Chinese I,,,,[],[],"Humanities, Arts and Social Sciences"
CHINESE LANG & CULTURE IN FILM,LEC,4,MTRF,1:30PM,3:35PM,Yue,,19,0,19,LANG,2022-05-23,2022-07-01,SUMMER 2022,17343,4961,01,LANG-4961,,,,,,,"Humanities, Arts and Social Sciences"
PROPULSION SYSTEMS,LEC,3,MTRF,1:30PM,3:20PM,Oehlschlae,,40,0,40,MANE,2022-05-23,2022-07-01,SUMMER 2022,17354,4080,01,MANE-4080,Propulsion Systems,,,,[],[],Engineering
INTRO TO FINITE ELEMENTS,LEC,3,MTRF,10:30AM,12:35PM,Panneersel,,40,0,40,MANE,2022-05-23,2022-07-01,SUMMER 2022,17321,4240,01,MANE-4240,Introduction to Finite Elements,,,,[],[],Engineering
SUSTAINABLE ENERGY SYSTEMS,LEC,4,MTRF,10:30AM,12:35PM,Oehlschlae,,40,0,40,MANE,2022-05-23,2022-07-01,SUMMER 2022,17783,4960,01,MANE-4960,"Topics in Mechanical Engineering, Aerospace Engineering, or Nuclear Engineering",,,,[],[],Engineering
DISSERTATION,LEC,1-15,,,,Gall,,10,0,10,MTLE,2022-05-23,2022-07-01,SUMMER 2022,17034,9990,05,MTLE-9990,Dissertation,,,,[],[],Engineering
INTRODUCTION TO LOGIC,LEC,4,MTRF,8:00AM,10:05AM,Van Heuvel,,49,0,49,PHIL,2022-05-23,2022-07-01,SUMMER 2022,16858,2140,01,PHIL-2140,Introduction to Logic,,,,[],[],"Humanities, Arts and Social Sciences"
BIOETHICS,LEC,4,MTRF,10:30AM,12:35PM,Smith,,25,0,25,PHIL,2022-05-23,2022-07-01,SUMMER 2022,17515,4500,01,PHIL-4500,Bioethics,,,,[],[],"Humanities, Arts and Social Sciences"
PHYSICS I,LEC,4,MTRF,1:30PM,3:35PM,Kim,,24,0,24,PHYS,2022-05-23,2022-07-01,SUMMER 2022,17030,1100,01,PHYS-1100,Physics I,,,,[],[],Science
INTRO PHYSICS TEACH PRACTICUM,LEC,2,,,,Persans,,30,0,30,PHYS,2022-05-23,2022-07-01,SUMMER 2022,17580,2961,01,PHYS-2961,,,,,,,Science
MASTER'S PROJECT,LEC,1-9,,,,Wang,,10,0,10,PHYS,2022-05-23,2022-07-01,SUMMER 2022,16999,6980,01,PHYS-6980,Master's Project,,,,[],[],Science
PSYCHOLOGY OF MINDFULNESS,LEC,4,MTRF,8:00AM,10:05AM,Traver,,19,0,19,PSYC,2022-05-23,2022-07-01,SUMMER 2022,17494,4430,01,PSYC-4430,Psychology of Mindfulness,,,,[],[],"Humanities, Arts and Social Sciences"
POSITIVE PSYCHOLOGY,LEC,4,MTRF,10:30AM,12:35PM,Traver,,160,0,160,PSYC,2022-05-23,2022-07-01,SUMMER 2022,17259,4730,01,PSYC-4730,Positive Psychology,,,,[],[],"Humanities, Arts and Social Sciences"
LEADERSHIP THEORIES,,1,,8:00AM,8:01AM,Traver,,19,0,19,PSYC,2022-05-23,2022-07-01,SUMMER 2022,17780,4960,01,PSYC-4960,Topics in Psychology,,,,[],[],"Humanities, Arts and Social Sciences"
PD - TECH ISSUES & SOLUTIONS,LEC,2,MR,8:00AM,10:05AM,Hoffman,,35,0,35,STSO,2022-05-23,2022-07-01,SUMMER 2022,17748,4100,01,STSO-4100,Professional Development  2 –Technical Issues and Solutions,,,,[],[],Other
PD - TECH ISSUES & SOLUTIONS,LEC,2,MR,10:30AM,12:35PM,Hoffman,,35,0,35,STSO,2022-05-23,2022-07-01,SUMMER 2022,17749,4100,02,STSO-4100,Professional Development  2 –Technical Issues and Solutions,,,,[],[],Other
PD - TECH ISSUES & SOLUTIONS,LEC,2,MR,1:30PM,3:35PM,Hoffman,,35,0,35,STSO,2022-05-23,2022-07-01,SUMMER 2022,17750,4100,03,STSO-4100,Professional Development  2 –Technical Issues and Solutions,,,,[],[],Other
INTRO TO CREATIVE WRITING,LEC,4,MTR,4:10PM,7:00PM,Anicca,,19,0,19,WRIT,2022-05-23,2022-07-01,SUMMER 2022,17635,2960,01,WRIT-2960,Topics in Writing,,,,[],[],"Humanities, Arts and Social Sciences"
SUMMER ADMINIST REGISTRATION,LEC,0,,,,Staff,,100,0,100,ADMN,2022-07-11,2022-08-19,SUMMER 2022,17718,6600,02,ADMN-6600,,,,,,,Other
HACTIVISM,,4,MTRF,10:30AM,12:35PM,Vamos,,19,0,19,ARTS,2022-07-11,2022-08-19,SUMMER 2022,17787,4560,01,ARTS-4560,Hactivism,,,,[],[],"Humanities, Arts and Social Sciences"
ORGANIC CHEMISTRY LAB II,LAB,1,TF,3:05PM,5:55PM,Totsingan,,10,0,10,CHEM,2022-07-11,2022-08-19,SUMMER 2022,17647,2240,01,CHEM-2240,Organic Chemistry Laboratory II,,,,[],[],Science
ORGANIC CHEMISTRY II,LEC,3,MTRF,10:30AM,12:20PM,Kirova-Sno,,40,0,40,CHEM,2022-07-11,2022-08-19,SUMMER 2022,16965,2260,01,CHEM-2260,Organic Chemistry II,,,,[],[],Science
FOOD CHEMISTRY AND TECHNOLOGY,LEC,2,TF,10:30AM,12:35PM,Totsingan,,20,0,20,CHEM,2022-07-11,2022-08-19,SUMMER 2022,17571,4962,01,CHEM-4962,,,,,,,Science
SUPERHEROES IN THE CLASSROOM,LEC,4,MTRF,10:30AM,12:35PM,Jeansonne,,19,0,19,COMM,2022-07-11,2022-08-19,SUMMER 2022,17772,2616,01,COMM-2616,Superheroes in the Classroom,,,,[],[],"Humanities, Arts and Social Sciences"
SOCIAL MEDIA: EAST & WEST,LEC,4,MTRF,1:30PM,3:35PM,Zhou,,19,0,19,COMM,2022-07-11,2022-08-19,SUMMER 2022,17524,4960,01,COMM-4960,Topics in Communication,,,,[],[],"Humanities, Arts and Social Sciences"
INTERNAT ECO AND GLOBALIZATION,LEC,4,MTRF,1:30PM,3:35PM,Mahmoudi,,30,0,30,ECON,2022-07-11,2022-08-19,SUMMER 2022,17525,4190,01,ECON-4190,International Economics and Globalization,,,,[],[],"Humanities, Arts and Social Sciences"
ECONOMETRICS,LEC,4,MTRF,8:00AM,10:05AM,Peng,,40,0,40,ECON,2022-07-11,2022-08-19,SUMMER 2022,17360,4570,01,ECON-4570,Econometrics,,,,[],[],"Humanities, Arts and Social Sciences"
CURRENT EVENTS IN ECON,LEC,1,MR,4:00PM,6:05PM,Greene,,40,0,40,ECON,2022-07-11,2022-08-19,SUMMER 2022,17790,4960,01,ECON-4960,Topics in Economics,,,,[],[],"Humanities, Arts and Social Sciences"
PROFESSIONAL PROJECT,LEC,3,,,,Wen,,1,0,1,ECSE,2022-07-11,2022-08-19,SUMMER 2022,17114,6970,01,ECSE-6970,Professional Project,,,,[],[],Engineering
MASTERS PROFESSIONAL PROJECT,LEC,3,,,,Wen,,1,0,1,ECSE,2022-07-11,2022-08-19,SUMMER 2022,17115,6970,05,ECSE-6970,Professional Project,,,,[],[],Engineering
MASTERS THESIS,LEC,1-12,,,,Radke,,5,0,5,ECSE,2022-07-11,2022-08-19,SUMMER 2022,17081,6990,03,ECSE-6990,Master's Thesis,,,,[],[],Engineering
ENGINEERIING PROCESSES,LAB,1,TR,1:00PM,4:20PM,Szczesniak,,28,0,28,ENGR,2022-07-11,2022-08-19,SUMMER 2022,16969,1300,01,ENGR-1300,Engineering Processes,,,,[],[],Engineering
THERMAL AND FLUIDS ENGR I,LEC,4,MTRF,1:30PM,3:35PM,Hedden,,60,0,60,ENGR,2022-07-11,2022-08-19,SUMMER 2022,17238,2250,02,ENGR-2250,Thermal and Fluids Engineering I,,,,[],[],Engineering
PD: LEADERSHIP COMPETENCIES,LEC,1,MR,1:30PM,3:35PM,Sullivan/Obiero/Chich,,48,0,48,ENGR,2022-07-11,2022-08-19,SUMMER 2022,17323,4010,02,ENGR-4010,Professional Development: Leadership Competencies,,,,[],[],Engineering
DIALOGUE FACILIATION METHODS,LEC,4,MTRF,1:30PM,3:35PM,Jeansonne/Corron,,19,0,19,IHSS,2022-07-11,2022-08-19,SUMMER 2022,17776,2960,01,IHSS-2960,Topics in Interdisciplinary Humanities and Social Science Studies,,,,[],[],"Humanities, Arts and Social Sciences"
MGMT OF ENGINEERING & TECH,LEC,3,TF,1:30PM,3:35PM,Hirsa,,25,0,25,ISYE,2022-07-11,2022-08-19,SUMMER 2022,17798,2960,01,ISYE-2960,Topics in ISYE,,,,[],[],Engineering
CHINESE CALLIGRAPHY,LEC,4,MTRF,4:00PM,6:05PM,Zhou,,19,0,19,LANG,2022-07-11,2022-08-19,SUMMER 2022,17777,4960,01,LANG-4960,Topics in Language,,,,[],[],"Humanities, Arts and Social Sciences"
SCIENCE AND FICTION,,4,MTRF,1:30PM,3:35PM,Deery,,19,0,19,LITR,2022-07-11,2022-08-19,SUMMER 2022,17604,4150,01,LITR-4150,Science and Fiction,,,,[],[],"Humanities, Arts and Social Sciences"
PHILOSOPHY OF SCIENCE,,4,MTRF,1:30PM,3:34PM,Milanese,,19,0,19,PHIL,2022-07-11,2022-08-19,SUMMER 2022,17742,4130,01,PHIL-4130,Philosophy of Science,,,,[],[],"Humanities, Arts and Social Sciences"
PHILOSOPHY OF SCIENCE,,4,MTRF,4:00PM,6:05PM,Milanese,,19,0,19,PHIL,2022-07-11,2022-08-19,SUMMER 2022,17743,4130,02,PHIL-4130,Philosophy of Science,,,,[],[],"Humanities, Arts and Social Sciences"
PHYSICS II,LEC,4,MTRF,1:30PM,3:35PM,Kim,,24,0,24,PHYS,2022-07-11,2022-08-19,SUMMER 2022,17031,1200,01,PHYS-1200,Physics II,,,,[],[],Science
INTRO PHYS TEACH PRACTICUM,LEC,2,,,,Persans,,30,0,30,PHYS,2022-07-11,2022-08-19,SUMMER 2022,17581,2961,02,PHYS-2961,,,,,,,Science
RESEARCH METHODS & STATS I,,4,MTRF,8:00AM,10:05AM,Jacobskind,,29,0,29,PSYC,2022-07-11,2022-08-19,SUMMER 2022,17789,2310,01,PSYC-2310,Research Methods and Statistics I,,,,[],[],"Humanities, Arts and Social Sciences"
PD - TECH ISSUES & SOLUTIONS,LEC,2,MR,10:30AM,12:35PM,Hirsa,,30,0,30,STSO,2022-07-11,2022-08-19,SUMMER 2022,17751,4100,04,STSO-4100,Professional Development  2 –Technical Issues and Solutions,,,,[],[],Other
PD - TECH ISSUES & SOLUTIONS,LEC,2,MR,1:30PM,3:35PM,Hirsa,,30,0,30,STSO,2022-07-11,2022-08-19,SUMMER 2022,17752,4100,05,STSO-4100,Professional Development  2 –Technical Issues and Solutions,,,,[],[],Other
PD - TECH ISSUES & SOLUTIONS,LEC,2,TF,10:30AM,12:35PM,Hirsa,,30,0,30,STSO,2022-07-11,2022-08-19,SUMMER 2022,17753,4100,06,STSO-4100,Professional Development  2 –Technical Issues and Solutions,,,,[],[],Other
